H00342,P11226,P11473,F1D8P8,P01920,Q5Y7D3,P15260,A0A0S2Z3Y2,P38484,A8K881,P49279,A0A024R474,P01912,Q5Y7D1
H00344,P30443,Q5SUL5,O60603,B3KWR9,A0A0S2Z4S4,Q15399,P01374,Q5STV3,O60260,X5DR79
H00061,P04156,Q53YK7
H00363,Q96PD4,Q96F46,P42224
H01109,P42224,Q9BXN2,Q68D78,A0A024RAN9,Q96F46,Q9H257,A0A024R8F1,Q96PD4
H00016,P42771,K7PML8,P01106,A0A087WVR4,P40763,P01111,Q5U091,P00533,Q504U8,F2YGG7,P01116,L7RSL8,I1SRC5,P24385,Q6FI00,P04637,K7PPA8,Q53GA5
H01508,P10242,Q708E9,P42771,K7PML8,P04626,X5DNK3,Q6UUV9,P00533,Q504U8,F2YGG7,P41212,A0A0S2Z3C9
H01509,P01106,A0A087WVR4,P42771,K7PML8,Q16665,D0VY79
H01559,P04637,K7PPA8,Q53GA5,P00533,Q504U8,F2YGG7
H00054,P42771,K7PML8,Q9BY67,X5D8W0,Q9NS23,P24530,P10415,A0A024R2B3,P12830,A0A0U2ZQU7,B3GN61
H00017,P42771,K7PML8,P35228,P35354,P25445,P24385,Q6FI00,P00533,Q504U8,F2YGG7,P06400,A0A024RDV3,P25054,Q4LE70,P04637,K7PPA8,Q53GA5
H00018,P04626,X5DNK3,P36897,Q5T7S2,B4DXN7,P46527,Q6I9V6,Q99626,P35222,A0A024R2Q3,P04637,K7PPA8,Q53GA5,P21802,P01116,L7RSL8,I1SRC5,P10826,P24864,P01111,Q5U091,P40692,P08581,A0A024R759,P12830,A0A0U2ZQU7,B3GN61,P25054,Q4LE70,O14746
H00034,O00255,A0A024R5D2,O14521,A0A0S2Z4J3
H00020,Q8IXK2,Q13485,A0A024R274,P43246,P20585,P43146,Q49AK4,P52701,Q3SWU9,P37173,A3QNQ0,Q15796,Q53XR6,P40692,Q07812,P35222,A0A024R2Q3,O95996,P01116,L7RSL8,I1SRC5,P04637,K7PPA8,Q53GA5
H00044,P25054,Q4LE70,P43146,Q49AK4,P04637,K7PPA8,Q53GA5
H00048,P01344,P37173,A3QNQ0,P08069,Q68CP9,P35222,A0A024R2Q3,P42771,K7PML8,P14210,Q14145,A0A024R7C0,P01135,P04637,K7PPA8,Q53GA5,O15169,A0A0S2Z4R0,O75084,Q16236,O14497,P06400,A0A024RDV3,P60484,F6KD01,P42336,Q4LE51,P01106,A0A087WVR4,O14746,P08581,A0A024R759
H01557,P01116,L7RSL8,I1SRC5,P04637,K7PPA8,Q53GA5
H01666,P01112,X5D945,P01111,Q5U091,P01116,L7RSL8,I1SRC5
H00046,P04626,X5DNK3,P42771,K7PML8,P08581,A0A024R759,P35354,P04637,K7PPA8,Q53GA5,P01116,L7RSL8,I1SRC5
H00047,P42771,K7PML8,P25054,Q4LE70,P04637,K7PPA8,Q53GA5,P01116,L7RSL8,I1SRC5
H00019,P04626,X5DNK3,P42771,K7PML8,P04637,K7PPA8,Q53GA5,P51587,Q13485,A0A024R274,Q15831,A0A0S2Z4D1,P01116,L7RSL8,I1SRC5
H00045,Q9UER7,A0A024RCS3,Q53F85,O00255,A0A024R5D2,P46100,B4DLW1,A4LAA3
H01591,P16234,P10721,A0A024RDA0
H00055,P42771,K7PML8,P01106,A0A087WVR4,P24864,P00533,Q504U8,F2YGG7,P04637,K7PPA8,Q53GA5
H00014,P42771,K7PML8,Q92734,P49789,A0A024R366,Q9NS23,P00533,Q504U8,F2YGG7,Q9HC35,P10826,O95436,P01116,L7RSL8,I1SRC5,P04637,K7PPA8,Q53GA5
H00013,P60484,F6KD01,P49789,A0A024R366,P10826,P01106,A0A087WVR4,P10415,A0A024R2B3,P06400,A0A024RDV3,P04637,K7PPA8,Q53GA5
H00043,P04198,Q16288,X5D2R1,Q16620,Q5VWE5,Q548C2,P04629
H00036,P42771,K7PML8,P42772,K7PPU3,Q12999,P01106,A0A087WVR4,Q00987,P06400,A0A024RDV3,P04637,K7PPA8,Q53GA5
H00035,Q01844,Q01844,Q01844,Q01844,Q01844
H00053,Q92804,Q01844
H00038,P42771,K7PML8,P60484,F6KD01,P11802,A0A024RBB6,P15056,O75030,P01111,Q5U091,P04637,K7PPA8,Q53GA5
H00039,Q15465,Q99835,P04637,K7PPA8,Q53GA5,Q13635
H00040,P42771,K7PML8,P04637,K7PPA8,Q53GA5,P01112,X5D945,P01116,L7RSL8,I1SRC5
H01555,P04637,K7PPA8,Q53GA5,P01112,X5D945
H01666,P01112,X5D945,P01111,Q5U091,P01116,L7RSL8,I1SRC5
H00015,P04085,P05019,P42772,K7PPU3,P35240,A0A024R1J8,P42771,K7PML8,P01127,P08069,P04637,K7PPA8,Q53GA5
H00041,P01106,A0A087WVR4,P11487,P10415,A0A024R2B3,P01116,L7RSL8,I1SRC5,P04637,K7PPA8,Q53GA5
H00043,P04198,Q16288,X5D2R1,Q16620,Q5VWE5,Q548C2,P04629
H00043,P04198,Q16288,X5D2R1,Q16620,Q5VWE5,Q548C2,P04629
H01665,P38398
H00049,P35637,Q6IBQ5,Q01844
H00037,P23760,A0A024R470,P23759,Q00987,Q13535
H00050,Q15532,A0A024RC40,Q15532,A0A024RC40,P08069
H00051,Q9BZE9
H00052,Q01844
H01985,P08581,A0A024R759,Q01844,P42336,Q4LE51
H00031,P04626,X5DNK3,P38398,P51587,O75581,O75084,P24385,Q6FI00,P42336,Q4LE51,P00533,Q504U8,F2YGG7,P46531,P10721,A0A024RDA0,P60484,F6KD01,P04637,K7PPA8,Q53GA5,Q99466,A0A1U9X983,P11362
H00029,P60484,F6KD01,P04637,K7PPA8,Q53GA5
H00030,P04626,X5DNK3,P01112,X5D945,P11802,A0A024RBB6,P38936,A0A024RCX5,P10415,A0A024R2B3,P00533,Q504U8,F2YGG7,P01116,L7RSL8,I1SRC5
H00026,P04626,X5DNK3,P60484,F6KD01,P35222,A0A024R2Q3,P04637,K7PPA8,Q53GA5,P40692,P01116,L7RSL8,I1SRC5
H00027,P38398,P04626,X5DNK3,P51587,P01106,A0A087WVR4,P42336,Q4LE51,P43246,P40692,P31751,P01116,L7RSL8,I1SRC5,P04637,K7PPA8,Q53GA5
H01554,P38398,P04626,X5DNK3,P51587,P04637,K7PPA8,Q53GA5,P01106,A0A087WVR4
H00028,P04626,X5DNK3,P03956,Q53G95,P08253,A0A024R6R4,P01106,A0A087WVR4,P00533,Q504U8,F2YGG7,P07333,Q00987,P10415,A0A024R2B3,P04637,K7PPA8,Q53GA5
H00025,P42771,K7PML8,P08253,A0A024R6R4,P01112,X5D945,P01106,A0A087WVR4,P14780,P12830,A0A0U2ZQU7,B3GN61,P35226,P35354,Q9H7Z7,B3KPZ2,Q00987,P04637,K7PPA8,Q53GA5
H00024,Q96JT2,O15393,P46527,Q6I9V6,P09211,V9HWE9,P17844,Q99801,P60484,F6KD01,O15393,P10275,Q9NUA2,O15393,Q96JT2,O15393
H00023,P30279
H00021,P07954,A0A0S2Z4C3,P40337,A0A024R2F2,Q8NFG4,Q92733,A0A0S2Z456,Q96FT4,P08581,A0A024R759
H00022,P42771,K7PML8,P04626,X5DNK3,P01112,X5D945,Q9NS23,P00533,Q504U8,F2YGG7,P06400,A0A024RDV3,P22607,Q0IJ44,P53355,P04637,K7PPA8,Q53GA5
H01513,P55287,Q15058,P42771,K7PML8,Q00987,O15151,A0A024R990,Q59FS6,P06400,A0A024RDV3
H00042,P42771,K7PML8,P00533,Q504U8,F2YGG7,P04085,P06400,A0A024RDV3,P60484,F6KD01,P09619,Q59F04,P11802,A0A024RBB6,Q00987,P16234,P01127,P04637,K7PPA8,Q53GA5
H01667,Q99835,O14746,P04637,K7PPA8,Q53GA5,Q9Y2T1,O15169,A0A0S2Z4R0,O00255,A0A024R5D2,P32243,F1T0D1,P35222,A0A024R2Q3,O15550,Q59HG3,P35240,A0A024R1J8,Q9UMX1,P25054,Q4LE70,P01106,A0A087WVR4,Q13635,Q00987
H00043,P04198,Q16288,X5D2R1,Q16620,Q5VWE5,Q548C2,P04629
H00032,Q06710,R9W7C9,P01112,X5D945,P07949,A0A024R7T2,Q9BTX6,P01111,Q5U091,P12830,A0A0U2ZQU7,B3GN61,P07949,A0A024R7T2,Q9BTX6,P04629,P15056,P35222,A0A024R2Q3,P12270,P01116,L7RSL8,I1SRC5,Q92734,P04637,K7PPA8,Q53GA5
H01592,P01112,X5D945,P07949,A0A024R7T2,Q9BTX6,P01116,L7RSL8,I1SRC5
H00033,P49918,P01344,Q01718,P01111,Q5U091,P04899,B3KP24,O00255,A0A024R5D2,P04637,K7PPA8,Q53GA5
H00043,P04198,Q16288,X5D2R1,Q16620,Q5VWE5,Q548C2,P04629
H01510,Q99814,B3KW07,O75204,P61244,Q8TAX8,P07949,A0A024R7T2,Q9BTX6,P40337,A0A024R2F2,P21359,P07954,A0A0S2Z4C3,Q99643,A0A0S2Z4B7,P21912,O14521,A0A0S2Z4J3
H00043,P04198,Q16288,X5D2R1,Q16620,Q5VWE5,Q548C2,P04629
H00007,P25963,P25445,Q04864,O00221,Q96F31,A0A024RD24
H01613,Q02080,A0A024R7N0,Q15910,P10415,A0A024R2B3,Q9UMN6,Q09472,Q7Z6C1,Q92793
H01464,P42771,K7PML8,P24385,Q6FI00,P04637,K7PPA8,Q53GA5
H00001,Q02548,Q03164,P41212,A0A0S2Z3C9,Q9HC73,D0E2W4,P11274,P01106,A0A087WVR4,P15923
H00002,P12980,P31314,O43711,P25791,P46531,Q03164,P17542,Q16509,P01106,A0A087WVR4,Q13492,A0A024R5P1
H00008,P42771,K7PML8,P01106,A0A087WVR4,P04637,K7PPA8,Q53GA5
H00011,Q02548
H01463,P42772,K7PPU3,P25445,P17275,Q5U079,P60484,F6KD01,Q8IVL0,P42771,K7PML8,P01106,A0A087WVR4,P04637,K7PPA8,Q53GA5
H01892,Q9NRW4,Q9Y6K1,P48735,O75874,V9HWJ2,Q6N021,A0A158SIU0,P06748,A0A0S2Z491
H01601,Q9NRW4,P06748,A0A0S2Z491
H00011,Q02548
H00010,P24385,Q6FI00,P01106,A0A087WVR4,P01111,Q5U091,O96028,P30281,O75444,P22607,Q0IJ44,P01116,L7RSL8,I1SRC5,P04637,K7PPA8,Q53GA5
H00001,Q02548,Q03164,P41212,A0A0S2Z3C9,Q9HC73,D0E2W4,P11274,P01106,A0A087WVR4,P15923
H00002,P12980,P31314,O43711,P25791,P46531,Q03164,P17542,Q16509,P01106,A0A087WVR4,Q13492,A0A024R5P1
H00005,P25445,P10415,A0A024R2B3,Q13315,A0A024R3C7,P04637,K7PPA8,Q53GA5
H00006,P24385,Q6FI00,P04637,K7PPA8,Q53GA5,P41182
H00009,P42771,K7PML8,P25445,P04637,K7PPA8,Q53GA5
H00003,P49715,P10721,A0A024RDA0,Q01196,P01111,Q5U091,P29590,Q05516,A0A024R3C6,P17947,Q01196,P36888,P01116,L7RSL8,I1SRC5
H00004,P42771,K7PML8,Q03112,P11274,Q01196,P06400,A0A024RDV3,P04637,K7PPA8,Q53GA5
H01511,P10721,A0A024RDA0
H01605,P40238,O60674,P27797,V9HW88
H01512,Q02750,A4QPA9,P15056
H01558,Q6P1J9,P41180
H01023,Q13485,A0A024R274,P36894
H01025,Q9UIF7,E5KP26,P25054,Q4LE70
H01471,P35916
H01482,P35968,A0A024RD88,Q9H6X2,Q53FL1
H00804,P07954,A0A0S2Z4C3
H00829,Q9NQC7
H00947,P35222,A0A024R2Q3
H01640,Q14031,Q93074,P07954,A0A0S2Z4C3,P52926
H01691,P49815,Q92574,Q86WV8,X5D9D2
H01149,Q99697
H01556,P42772,K7PPU3,P42771,K7PML8,Q12824,Q6Q0C0,B3KQY7,Q99835,P60484,F6KD01,O43474,P31749,B0LPE5,P35240,A0A024R1J8,Q9UMX1,Q969G3,A0A024R1S7
H00502,P10071
H01007,P04637,K7PPA8,Q53GA5
H00895,Q9Y6C5,Q13635,Q9UMX1
H01479,P05231,Q75MH2,B4DVM1
H01692,P49815,Q92574,Q86WV8,X5D9D2
H01102,O00170,G9I2H4,P46527,Q6I9V6,O00255,A0A024R5D2,P10644,B2R5T5
H00247,P07949,A0A024R7T2,Q9BTX6,P46527,Q6I9V6,O00255,A0A024R5D2
H00012,O60674
H01481,Q15696,Q9Y6K1,P04637,K7PPA8,Q53GA5,Q01130,A0A024R8U5,Q53FN0,Q8IXJ9,P48735,O75874,V9HWJ2,Q6N021,A0A158SIU0,O75533,B4DGZ4,Q01081,Q01196,O60674,P23769,P01111,Q5U091
H01484,P62263
H01590,P11274,Q6UN15
H01599,Q6UN15
H01612,P27797,V9HW88,O60674,P40238
H01605,P40238,O60674,P27797,V9HW88
H01470,P01112,X5D945,P04637,K7PPA8,Q53GA5,P84243,B2R4P9,O14788,Q5T9Y4
H01145,P02787,A0PJA6,Q06AH7
H01196,P49281,A0A0X8GKR4
H01278,Q8IU80
H01190,P20062
H01277,Q9BXJ7,P27352
H01252,Q96NT5,A0A024QZ15
H00198,P11172,A8K5J1
H01183,O60779,A0A024R928
H00664,P60174,P19367,A8K7J7,B3KXY9,Q59FD4,P06744,P07738,A0A024R782,P00558,V9HWF4
H00668,P07203,Q7L4Q3,P48637,V9HWJ1,P11413,P48506,Q14TF0,O14841
H00674,P00568,Q6FGX9,Q9H0P0
H01096,P30613
H01375,P11413
H00228,P46100,B4DLW1,A4LAA3,P69905,D1MGQ2,P69892,D9YZU9
H00229,P68871,D9YZU5
H00230,P02730,P02549,P16452,,P16157
H00231,,P02549,P02730,P11171,Q1WWM3,Q59F12
H00232,P11166,Q59GX2,Q02094,Q96E98,Q92508,P02730,O15554,Q9NP58
H01125,P02549
H01214,Q02094,Q96E98
H01434,Q03591,P07204,P52429,A1L4Q0,P15529,P05156,A8K3L0,P00751,A0A1U9X7H8,P01024,B4DR57,V9HWA9
H01720,P02730
H01053,P37287
H00237,P61313,A0A024R2Q4,P62847,P18077,P61254,P62854,A0A024RB14,P46783,P46777,A2RUM7,P62913,Q5VVD0,P08708,P62857,B2R4R9,Q969E8,A0A024R9U9,P62273,P62081,P39019,B0ZBD0
H00238,Q9UI95,A0A024R4I4,P51587,Q06609,Q9BXW9,A0A024R2G2,Q9BX63,A0A024QZ45,O43543,O43502,O15287,Q53XM5,Q9NPI8,A3KME0,Q9HB96,Q00597,A0A024R9N2,Q8NB91,A0A024RBW1,O15360,Q86YC2,Q8IYD8,Q9NW38,Q9NVI1
H00439,Q9Y3A5,A0A0S2Z5I7
H00788,O60832
H01132,P01579,O14746,
H00917,Q8IWY9,Q15437,Q9Y2V0,Q13351
H00982,Q86SX6,O75027,Q86SX6
H00219,P07359,L7UYB8,P00740,P00451,P04275
H00219,P07359,L7UYB8,P00740,P00451,P04275
H00219,P07359,L7UYB8,P00740,P00451,P04275
H01254,P00734
H00220,P12259
H00222,P02675,V9HVY1,P02671,P02679
H00223,P07204,P07225,A0A0S2Z4K3,P00747,P02675,V9HVY1,P12259,P05121,A0A024QYT5,P05546,Q8IVC0,P04196,P04070,P02679,P00734,P00740,P01008,A0A024R944,P02671
H00560,Q9H1B5,B4DT06,P38435
H00938,P03951
H00941,P00748,Q8IZZ5
H00945,P05160,P00488
H00983,P08697
H00995,P38435,Q9BQB6,A0A0S2Z6I4
H01078,P03952,A8K9A9
H01106,P05121,A0A024QYT5
H01381,P01008,A0A024R944
H01740,P05106,O60610,Q6URC4,P12814,A0A024R694,Q9H4B7,P15976,Q5VTD9,Q9H222,Q9H221,P08514,P35579,A0A024R1N1,P07359,L7UYB8,P13224,P22612,P14770,P21333,Q60FE5,Q6NXF2,P04275,Q6ZNJ1
H00224,P07359,L7UYB8,P14770,P13224
H00226,P08514,P05106
H00225,Q76LX8
H00227,P40238
H00578,P35579,A0A024R1N1
H00867,P31270
H00978,Q01196,P42768,A0A024QYX8,P12931,P15976,Q96GX5,P99999,G4XXL9
H01162,Q4KMQ2,B3KX12
H01235,Q7LDG7,P21731,Q05C92,Q0VAB0,P0C7P3,P17301,Q01543,A0A024R3M5,Q9HCN6,Q9H244,A8K7T1
H01240,P31995
H00100,O00165,A0A0S2Z591,P42768,A0A024QYX8,Q99684,P08246
H00939,Q9BUM1
H01218,Q9Y2Q5
H00098,P04839,A0A0S2Z3S6,P19878,A0A0S2Z457,P14598,P13498,B4DT46
H00233,P35579,A0A024R1N1
H00234,Q14739
H00235,P00387,P00167
H00236,Q9GZT9,R4SCQ0,Q99814,B3KW07,P19235,P40337,A0A024R2F2
H01605,P40238,O60674,P27797,V9HW88
H00109,O75558,Q70J99,P14222
H01168,P02649,A0A0S2Z3D5
H00085,P15814,Q8IWT6,A0A024R892,A8K1C7,Q8WV28,P40259,Q06187,Q5JY90,P11912
H00086,Q9GZX7,Q546Y9,Q7Z599,P25942,A0A0S2Z3C7,Q6P2H9,P13051,E5KTA5
H00087,Q9UBC3
H00088,O14836,Q4ACX1,Q9Y6W8,Q53QY6,P60033,A0A024RCB7,P11836,A0A024R507,Q96RJ3,Q5H8V1,P15391
H00091,P16871,P01589,P31785,P07766,P08575,A0A0A0MT22,P52333,A0A024R7M7,P04234,B0YIY4,P20963,O15353
H00092,P54819,A0A140VK93,P00813,A0A0S2Z381,Q96SD1,P55895,P15918
H01244,P15918
H00093,Q03518,A0A0S2Z5A6,Q13586,O14593,A0A024R7M1,Q03519,Q5JNW1,P25942,A0A0S2Z3C7,Q6P2H9,P55895,P29965,P15918,P01732,Q8TAW8,Q6ZVS2,P33076,Q66X48,A0A0B4J1S1,O00287,P31785,P48382,P43403,Q96D31,A0A024RBT3,P00491,V9HWH6,P06239,A0A0S2Z3Y8
H00984,Q03518,A0A0S2Z5A6,O15533,A0A024RCT1,Q03519,Q5JNW1
H00985,P33076,Q66X48,A0A0B4J1S1,O14593,A0A024R7M1,O00287,P48382
H00094,P54132,P49917,A0A024RE06,P49959,A0A024R395,P18858,O60934,Q13315,A0A024R3C7
H00931,P51692
H01004,O43435
H01523,O43516,Q2YDC4,A0A140VJZ9,P42768,A0A024QYX8
H01524,O43435
H01968,Q8NF50,P40763,P29597,A0A024R7E4,O95394
H01969,O60880,P98170
H01970,Q08881
H01006,P00748,Q8IZZ5
H01136,P15169
H01309,Q9HC29
H00206,Q03426,B2RDU6
H01117,Q92539
H01741,P28062,X5CMJ9
H01743,P16885
H01744,Q9BYM8
H01746,Q86WV6
H01748,Q9NPP4
H00250,Q06710,R9W7C9,P52952,A0A0S2Z383,P01222,P10827,P16473,A0A0A0MTJ0
H00650,P36021
H00913,P43699
H01040,O00358
H01186,Q96T21
H01269,P16473,A0A0A0MTJ0
H00081,P01912,Q5Y7D1,P01920,Q5Y7D3,P01909,A0A173ADG5,Q8MH44,P16410
H00082,P01912,Q5Y7D1,P01920,Q5Y7D3,P01909,A0A173ADG5,Q8MH44,P16410
H00251,P01266,Q9NRD8
H00249,P10828,F1D8N7
H00408,P09668,P21860,Q9BYX4,Q2KHT3,P01912,Q5Y7D1,Q15762,Q9UQQ2,Q59H48,P17706,Q59F91,Q04759,Q14573,A6H8K3,Q59ES2,Q14CX7,Q9Y2R2,B4DZW8,P01589,P16410,Q9BYV9,Q9BXI9,A0A024R1J0,P01308,I3WAC9,P60568,Q0GK43,O15528,P01920,Q5Y7D3,P01909,A0A173ADG5,Q8MH44
H00766,Q9NZJ5,B3KY45
H00854,O76024,A0A0S2Z4V6,Q8N5K1
H00409,P42772,K7PPU3,Q14654,P42771,K7PML8,Q86VZ6,P51787,Q96AI9,P37231,Q03014,Q8IWU4,Q9NQB0,P49286,P22413,Q9C0B1,B3KU60,Q99770,Q9Y6M1,Q9P2N4,Q04721,Q6IQ50,Q9UFD5,Q9HC96,P35680,Q6FHW6,O76024,A0A0S2Z4V6,Q5VV42
H00719,P06213
H01228,P06213
H00410,P35680,Q6FHW6,P51451,Q05D26,X6R868,O75612,Q86SR3,B4DSX9,Q13562,O14901,Q53QU8,Q9UKG1,O43316,P41235,F1D8T1,P35557,Q53Y25,P20823,E0YMI7,P52945,Q14654,P01308,I3WAC9
H00942,P06213
H01456,P04179,A0A0C4DFU2
H01457,P27169,P01588,G9JKG7,P12821,B4DKH4
H01267,Q09428,P06213,P35557,Q53Y25,Q16836,Q14654,P53985,A0A024R0H1,B4DKS0,P00367,E9KL48
H01522,O00255,A0A024R5D2
H00244,O14662
H01862,O75603,P01270
H00246,Q6P1J9,O75603,O00255,A0A024R5D2,P41180
H01294,P30518
H01483,Q96P66,O00170,G9I2H4,P63092,O95467,A0A0S2Z3H8
H01618,Q96P66
H01864,Q96P66,O00170,G9I2H4
H00254,P01241,B1A4G6,Q9UBR4,F1T0D5,P28069,P41225,P05019,O75360,A0A0G2JQ02,Q9UBX0,A0A024R364,Q02643,A0A090N8Y6,Q06187,Q5JY90,P10912,Q969G2,A0A0S2Z5S4
H00255,P23352,Q8NFM7,B4DXM5,P01229,A0A0F7RQE6,Q14563,Q8NFJ6,A8K1T0,P55075,A1A515,P11362,Q16828,A0A024RBC1,Q6X4W1,P29371,A0PJY2,P01148,Q9HC23,Q15726,P30968,Q9BZH6,Q9NZU0,O60243,Q9P2D1,Q6ZWF9,Q9C004,Q969F8,Q9UHF0,A0A024RB47,O60258
H00253,P01185,X5DQP6
H01011,O60806,B3KRD9
H01253,P01225,A0A0F7RQE8
H01699,P01222
H01700,P28069,P34981,Q9UBR4,F1T0D5,Q969G2,A0A0S2Z5S4,P01241,B1A4G6,Q9UBX0,A0A024R364,O60806,B3KRD9,P23352,P01286,O75360,A0A0G2JQ02,P51843,F1D8P4,Q99697,P01222,P01229,A0A0F7RQE6,P30968
H01431,O00170,G9I2H4,P63092,O95467,A0A0S2Z3H8
H00216,P05093,Q1HB44,P15538,Q8TDD0,P08686,Q16874,Q08AG9,P26439,A0A024R0F9,P16435,P05108,A0A0S2Z3R3
H00608,P05093,Q1HB44,P05108,A0A0S2Z3R3,P49675,Q6IBK0,P16435,P22888,P10275,Q9NUA2,P26439,A0A024R0F9,P31213,Q9UBM7,A0A024R5F7,P37058,Q6FH62
H00599,P04150,F1D8N4,P16435,P11511,A0A024R5S8,Q8TCA4,Q8IYG4
H01111,O95479,P28845,X5D2L1
H01702,P04150,F1D8N4
H00239,Q9UNF1,A0A024R9Y7,P41180
H00240,P55017
H00602,P19099,P15538,Q8TDD0
H01603,P15538,Q8TDD0,O95180,B3KQH9,P05023,P48544,Q01668,Q59GD8,Q16720
H00258,P19099
H00259,P80365
H00260,P10644,B2R5T5,O95263,B3KN77,Q9HCR9
H01163,P08185
H00256,Q13423,A0A024R0C3,Q8TCY5,Q01718
H00257,Q9NRG9
H01598,P51843,F1D8P4
H01772,P51843,F1D8P4,P49918,Q13285,F1D8R8
H00627,P05111,O60393,O60879,Q8WVV4,Q6QHK4,Q13285,F1D8R8,P58012,Q53ZD3,P22888,O95972,P23945,A0A1D5RMN4,Q06787,P51816
H00794,P11511,A0A024R5S8,Q8TCA4,Q8IYG4
H00937,P22888,Q969F8
H01971,Q9BZS1
H01972,O43918
H00492,O15266,A0A024R385
H00601,P02545
H00608,P05093,Q1HB44,P05108,A0A0S2Z3R3,P49675,Q6IBK0,P16435,P22888,P10275,Q9NUA2,P26439,A0A024R0F9,P31213,Q9UBM7,A0A024R5F7,P37058,Q6FH62
H00719,P06213
H00931,P51692
H01274,P08069
H00296,P54132,Q14191,O94761
H01733,Q14191
H01883,O75531,A0A024R5H0
H01907,P35858,Q8TAY0
H01266,Q9HAY6
H01565,O60779,A0A024R928
H01567,Q9H3S4,A0A090N8Y0
H00180,P50747
H01182,P43251
H00981,P49638
H00417,Q8TCU4
H01266,Q9HAY6
H00167,P00439,A0A024RBG4,P61457
H00165,P32754
H00163,Q93099
H00166,Q86YV9,Q96EV8,A0A0S2Z5U8,Q9NQG7,A8K2E6,Q6P1K3,Q9UPZ3,Q6QNY0,O00203,A0A0S2Z5J4,Q969F9,Q92902,Q658M9
H00168,Q01726,Q1JUL4,Q71RS6,Q9H2I8,P17643,Q9UMX9,A0A076YGN1,P14679,L8B082,Q04671
H00169,O75030,P51810
H00170,O43623,P10721,A0A024RDA0
H00171,P42357
H00548,P21397,Q53YE7,Q49A63
H00759,P14138
H01233,Q96N76
H01262,O95954
H01583,Q16719
H00172,P21953,A0A140VKB3,P09622,A0A024R713,P11182,P12694,A0A024R0K3
H00173,P26440,A0A0A0MT83
H00181,Q96RQ3,A0A0S2Z693,Q9HCC0,A0A140VK29
H00175,P05166,P05165
H00174,Q9H3L0,Q96PE7,Q9Y4U1,Q8IVH4,P22033,A0A024RD82,B2R6K1,Q9NUN5,Q96EY8,O14678,A0A024R6B9
H00179,P35914
H00162,P51648
H00176,P33897
H00178,Q9HAC7,Q92947,A0A024R7F9,Q16134,B4DEQ0
H00525,O43772,P40939,E9KL44,P16219,E5KSD5,P55084,P11310,A0A0S2Z366,P23786,A0A140VK13,P49748,O76082
H01980,P16219,E5KSD5
H00488,P11310,A0A0S2Z366
H00489,P40939,E9KL44
H00392,P49748
H01981,P50416,A0A024R5F4,Q8WZ48,B2RAQ8
H01982,P23786,A0A140VK13
H01983,O43772
H00375,P45954,A0A0S2Z3P9
H00654,Q16635,A0A0S2Z4K0
H00754,O43464
H00925,Q99714,A0A0S2Z410
H01121,P55809,A0A024R040
H01123,P54868,A0A140VJL2
H01279,Q9UKU7
H00177,O43933,O60683,A0A024R068,Q92968,P50542,A0A0S2Z4H1,B4DR50,Q7Z412,A0A024R100
H01349,Q6NVY1,A0A140VJL0
H01352,P55084,P40939,E9KL44
H01364,Q16836
H00407,Q9UHK6,P22307,B2R761,Q59HG9,P51659,A0A0S2Z4J1,B2R659,Q14032,Q15067
H01589,O76082
H01929,Q4G0N4
H00275,O60931,A0A0S2Z3K3
H00843,Q695T7
H00692,Q01968
H00182,P32929
H00183,P42898,Q8IU67,Q59GJ6,P0DN79,P35520,Q9NTF0,Q9UBK8
H00184,P23526,Q14749,V9HW60,Q00266,P55263
H00164,P31327,A0A024R454,Q6PEK7
H00185,P00966,Q5T6L4,Q9UJS0
H00186,P05089
H00178,Q9HAC7,Q92947,A0A024R7F9,Q16134,B4DEQ0
H00188,Q9UDR5,A4D0W4
H00189,P04181,A0A140VJQ4
H00187,P00480
H00190,P30038,A0A024RAD8,O43272
H00191,P23378,P48728,A0A024R2U7,P23434
H00200,Q9UBR1,A0A024R1H3,B3KNC1
H00834,Q14353,V9HWB2
H00835,P51649,X5DQN2
H00849,Q14353,V9HWB2,P48029,X5D9C4,P50440,A0A140VK19
H00899,Q9UM01,A0A0S2Z502
H00901,Q07837,A0A0S2Z4E1,P82251
H00905,Q9NP91,Q695T7,Q495M3
H00923,P15104,A8YXX4
H01003,Q9UI17,B3KQ84
H01028,P04424,A0A024RDL8
H01032,Q8N159
H01079,O43175
H01076,P24752,A0A140VJX1
H01119,P12955,A0A140VJR2
H01198,Q06495,A0A024R7R9,Q7Z725,Q86VN6
H01237,P51687,A0A024RB79
H01242,Q9UDR5,A4D0W4
H01257,P80404,X5D8S1
H01268,Q9Y619
H01283,O95822
H01386,P08243
H01285,Q99707
H01398,Q8N159,P05089,P00480,Q9Y619,P00966,Q5T6L4,P31327,A0A024R454,Q6PEK7,Q9UJS0,P04424,A0A024RDL8
H01400,P13804,A0A0S2Z3L0,P22033,A0A024RD82,B2R6K1,P35218,P38117,P05166,Q9UM01,A0A0S2Z502,P05165,Q16134,B4DEQ0,P15104,A8YXX4,P04181,A0A140VJQ4,P11310,A0A0S2Z366,P26440,A0A0A0MT83,P23786,A0A140VK13,O43772,P00367,E9KL48,P11498,A0A024R5C5,Q9BUB7,P54886
H00116,P09848
H00069,Q9UGJ0,A0A090N8Q6,P13807
H01760,P54840
H01762,Q04446,Q59ET0,P46020,P11217,P46976,P08237,A0A024R0Y5,P13807,P35573,A0A0S2A4E4
H01939,O43826,A0A024R3H9,A8K0S7
H01940,P10253
H01941,P35573,A0A0S2A4E4
H01942,Q04446,Q59ET0
H01943,P11217
H01944,P06737
H01945,P08237,A0A024R0Y5
H01948,P46020
H01951,P15259
H01946,P00338,V9HWB9
H01952,P04075,V9HWN7
H01953,P13929
H01954,P36871
H01955,P46976
H01950,P54840
H01949,P13807
H01956,Q9UGJ0,A0A090N8Q6
H01947,P11168
H00150,P13473
H00071,P05062,A0A024R145
H00114,P09467
H00070,Q14376
H00115,P14410
H00072,O00330,P09622,A0A024R713,P11177,Q9P0J1,A0A024R9C0,P10515,Q86YI5,P08559,A0A024RBX9
H01996,Q9P0J1,A0A024R9C0
H00073,P11498,A0A024R5C5
H00117,Q9UBQ7,P21549
H00552,P11532,P32189,B4DH54,P51843,F1D8P4
H01065,Q7Z4W1
H01126,P31639
H01189,P37837,A0A140VK56
H01261,P13866
H00124,P17900,P07686,A0A024RAJ6
H00281,P16278
H00144,Q9GZU1
H00276,P16278,P10619,Q99519,Q5JQI0
H00125,P06280,Q53Y83
H00126,P04062,A0A068F658,P07602,A0A024QZQ2
H00135,P07602,A0A024QZQ2,P54803,A0A0A0MQV0
H00137,P17405,Q59EN6
H00136,P61916,A0A024R6C0,O15118
H00138,Q13510,A8K0B6,Q53H01
H00127,P15289,A0A0C4DFZ2,B4DVI5,P07602,A0A024QZQ2
H00272,Q8NBK3
H00074,P45381,Q6FH48
H00438,O43914,Q9NZC2,Q5TCX1
H00149,Q13286,A0A024QZB8,Q9UBY8,A0A024QZ57,P07339,V9HWI3,P50897
H00148,P38571
H00151,Q02318
H00679,Q9BYI3,P10809,A0A024R3X4,Q12904,B4DNK3,Q5T442,P60201,A8K9L3,Q9NW08,Q7Z3R8,P04350,P54136,Q96C36,A0A0S2Z5U6,O15160,O14802,Q9H270,A0A087WXL6,B7Z879,Q53FT3
H00736,Q8WTS1,A0A0S2Z5D6
H00869,Q9UI10,Q13144,P49770,Q53XC2,Q9NR50,Q9HA31,Q14232
H00871,Q6PI48,A0A024R8Z9,Q9H9J7
H00874,P22307,B2R761,Q59HG9
H00875,Q15049,A0A024R4V4,Q14CZ8
H00878,O00584
H00883,Q16610,A0A140VJI7
H01230,P20700
H01239,P07602,A0A024QZQ2
H01297,Q96AD5
H00423,P54803,A0A0A0MQV0,P15289,A0A0C4DFZ2,B4DVI5,P07602,A0A024QZQ2
H00424,P17405,Q59EN6,Q13510,A8K0B6,Q53H01
H00426,P16278,P17900,P07602,A0A024QZQ2
H00128,P35475
H00129,P22304
H00130,P51688,P15586,A0A024RBC5,Q7Z3X3,P54802,A0A140VJE4,Q68CP4,Q8IVU6
H00123,P16278,P34059,Q96I49
H00131,P15848,A0A024RAJ9
H00132,P08236
H00133,Q12794,A0A024R2X3
H00421,P51688,P54802,A0A140VJE4,Q12794,A0A024R2X3,P08236,P15848,A0A024RAJ9,P35475,P34059,Q96I49,P15586,A0A024RBC5,Q7Z3X3,P16278,P22304,Q68CP4,Q8IVU6
H00118,P51571,P34949,Q9Y672,O15305,A0A0S2Z4J6,Q59F02,Q9H6U8,O75352,A0A0S2Z4W8,Q9BV10,A0A024R4V6,P39656,A0A024RAD5,Q9NP73,Q92685,O60762,A0A0S2Z4Y5,Q2TAA5,Q9H8P0,Q9H3H5,A0A024R3H8,Q9BT22,P46977,Q9BVK2,A0A024R5K5,Q9H553,A0A024R184,Q96E22,P36871,O94777,Q96AA3,Q9P2X0,Q86TM7,P27708,Q9UPQ8,A0A0S2Z597,Q8TCJ2
H00119,Q10469,Q96A29,B3KQH0,Q13724,P83436,A0A0S2Z652,P15291,Q14746,B1ALW7,Q8WTW3,Q8N511,P78382,Q9UP83,Q96MW5,A0A024R6Z6,Q9HC07,Q9H9E3,J3KNI1,Q8N8L9,P78381,Q9Y2V7,A0A024RDW5,Q96NT0,A0A024QZZ6,Q9C0K1,A0A024RDG0
H00143,Q9UJJ9
H00139,O00754
H00140,O00462
H00141,P04066
H00142,Q99519,Q5JQI0
H00145,P20933
H00146,P17050,A0A024R1Q5
H00422,P16278,P04066,O00462,O00754,P17050,A0A024R1Q5,Q99519,Q5JQI0,P20933
H00155,P01130,A0A024R7D5,Q8NBP7,P04114,Q7Z7Q0,Q59HB3
H00156,P02649,A0A0S2Z3D5
H00154,Q8IV16,P02655,A0A024R0T9,P06858,A0A1B1RVA9
H00157,Q6Q788,A0A0B4RUS7
H00153,P22415,A0A0S2Z4U5
H00152,Q9H221,Q9H222
H00158,P04180,A0A140VK24
H00159,O95477,B7XCW9,B2RUU2
H00160,P55157
H00927,Q9Y6B6
H00930,P02647,A0A024R3E3,O95477,B7XCW9,B2RUU2
H01101,Q96S06
H01199,P11597,A0A0S2Z3F6,P02656,A3KPE2
H01270,P04114,Q7Z7Q0,Q59HB3,Q9Y5C1
H01383,P01130,A0A024R7D5
H01635,Q6Q788,A0A0B4RUS7
H01637,P22415,A0A0S2Z4U5,P06858,A0A1B1RVA9,P02649,A0A0S2Z3D5
H01784,Q6Q788,A0A0B4RUS7,Q8IV16,P06858,A0A1B1RVA9,P02655,A0A024R0T9,Q96S06
H00194,P00492,A0A140VJL3
H00193,Q12882
H00192,Q06278,Q9NZB8,A0A024RD17,O96007,A0A024QZS1,Q9NQX3,P47989,Q96EN8
H00197,P30566,X5D8S6
H00964,P51580,A0A024QZW0
H00966,P31939,V9HWH7
H01763,P06132,P22830,Q7KZA3,P10746,A0A0S2Z4T8,P08397,P50336,P06132,P22557,P36551,P13716,Q6ZMU0,A0A140VJL9
H00201,P10746,A0A0S2Z4T8,P06132,P22830,Q7KZA3
H00202,P08397,P06132,P50336,P13716,Q6ZMU0,A0A140VJL9,P36551
H00203,P04040
H00208,Q9NPD5,B3KP78,P22309,Q5DT03,Q92887
H00209,Q04656,B4DRW0,Q762B6
H00210,P35670,A0A024RDX3,B7ZLR4
H00211,Q30201,P81172,Q9NP59,Q9UP52,P02794,A0A024R525
H00212,Q6P5W5
H00213,P05186,A0A024RAG0
H00214,P51795,A8K4H5,Q9GZV9,P22413,P78562,B4DWG8,Q8N130,Q13316
H00557,Q9Y487,P54886,Q04656,B4DRW0,Q762B6,Q9UBX5,A0A024R6G3,P15502,P32322,A0A024R8U9
H01113,P11117
H01143,Q6VVX0,P11473,F1D8P8,O15528
H01210,P54710,Q9BX84,Q8N6F1,Q9Y5I7,P01133
H00245,P41180
H01371,Q07973
H01859,Q04656,B4DRW0,Q762B6
H00218,P13569,A0A024R730
H00282,P59046,Q96P20
H00288,O15553,Q29983
H00845,P02652,P02766,E9KL36,P06396,P02671,P61626,B2R4C5,P02647,A0A024R3E3
H00419,Q03135,Q2TNI1,Q59E85,Q6NZI2,O15120,A0A024R8I7,Q96G97,A0A024R549
H00420,Q03252,P37231,P31751,Q05469,A8K8W7,P02545,Q96AQ7,A0A024R2F7,O60240
H00147,Q9NRA2,Q9Y223
H00273,P43235
H01022,P31040,A0A024QZ30,P07954,A0A0S2Z4C3,Q02218,B4E3E9
H01127,Q9H3S5
H01234,P31513,A0A024R8Z4,Q53FW5
H01395,P54098,E5KNU5
H00469,Q9BQP7,Q53H12,A4D1U5,Q9UKA2,O00142,Q8IZR3,Q16854,E5KSL5,Q00059,E5KSU5,P19971,E5KRG5,B2RBL3,P39210,A0A0S2Z3Z9,Q96RR1,E5KSY5,Q9H6V3,P12235,A0A0S2Z3H3,P53597,Q9P2R7,E5KS60,Q9Y4T0,P54098,E5KNU5,Q7LG56
H00473,P03901,Q7GXZ4,Q9Y276,A0A024R467,Q6UW78,P03897,Q7GXZ5,P00156,Q0ZFD6,P03886,U5Z754,A6NFY7,P31040,A0A024QZ30,Q8IUX1,Q330K2,P03923,U5Z977,P03915,U5ZC31
H00891,P09001,Q32P41,Q9Y2Z2,Q9HA77,B7Z7E6,Q9NWS8,Q5ST30,B4E0K6,B4DG77,Q99757,Q6P4A7,Q8TCS8,Q5JPH6,Q96DP5,O95363,Q9BQ52,A0A0S2Z5M8,Q9H9J2,A0A024R473,Q7L0Y3,Q9Y3D3,P43897,E5KS95,P25705,V9HW26,Q96RP9,E5KND5,O95831,Q9H3J6,Q9HD34,Q70HW3,F8WAB8,P49411,P82650,Q9BW92,Q99797,Q969Y2,Q5JTZ9,Q96I59,Q96GW9
H01894,Q53S33,Q5T440,Q9UMS0,Q86U28
H00536,Q9UM47
H01757,Q92743
H01611,P35372,G8XRH5,P14416,A0A024R3C5,P00325,V9HW50,P05091
H01649,Q9NRI5,P42898,Q8IU67,Q59GJ6,P35462,X5D2G4,A8K8E4,P31749,B0LPE5,P28223,P0C0L4,P36222,A0A024R969,Q92777,Q59GM1,A0A087X2E3,P59103
H01646,Q13451,Q8IWU9,P28223
H01646,Q13451,Q8IWU9,P28223
H01450,P21397,Q53YE7,Q49A63,P23560,A0A0E3SU01,P28223,P31645,B2R7Y7,P21917,A0A0G2JM26,P21964,A0A140VJG8,P43005
H01671,P21917,A0A0G2JM26
H01703,P28221,P23560,A0A0E3SU01,P41143,O00253,C6SUN5,Q9UBU3
H00864,Q96PX8
H00480,Q99714,A0A0S2Z410,P41732,Q9NZN1,X5DNQ7,Q96M94,V9HWF1,P51814,A6NNY8,P51508,P48029,X5D9C4,Q8N0W4,A0A024RBV0,B3KP11,P51793,P51812,Q9H0U3,A0A087WU53,P46100,B4DLW1,A4LAA3,Q5JU85,Q92796,Q59FY1,P51816,P51610,Q15052,Q8N4Q3,O60828,A0A0S2Z4V5,O60488,Q9UET6,A0A024QYX5,Q96QS3,P31150,A0A0S2Z3X8,P50052,P51608,D3YJ43,Q59FJ6,O75914
H00658,P08247,P17600,O95239,Q59HG1,Q9UJV3,O00571,Q9UPP1,P41229,Q6RI45,Q13620,Q96MV8,B3KY34,Q8NI27,P38159,O60890,Q9NVW2,Q96QS3,P55795,Q9Y397,O75787,Q15233,A0A0S2Z4Z9,P42263,Q17R51,Q9BZI7,Q93008,Q6P468,Q5QGS0,Q7Z6Z7,A0A024R9W5,P41225,Q14CM0,P41091,Q96DA2
H00768,Q9UKM7,Q9NZ01,Q96Q05,Q6P1N0,Q96SW2,A0A024R2H8,P56730,Q96I80,P29218,A0A024R830,Q6IA86,Q6PJT7,Q13002,A8K0H7,Q8IY40,Q13454,Q75T13,Q08J23,Q96F86,Q9ULK4,P52848,A8K8T3,Q11203,P50135,Q2M389,Q12955,Q5XUX0,Q9UKE5,Q9BZE2,Q9NZ56,Q9HBL1
H01911,Q86XA0,A0A024R8M5,Q6P1X5,B3KMD8,Q9Y664,Q8NG48,Q5H8A4,Q9H0V9,P78560,Q53XL1,Q8IY43,Q9H1V8,Q8TD30,A0A024R6R2,Q96EY9,Q96N66,Q15543,A0A024R089,O95714,A8KAQ8
H00773,O75398,Q9H4G0,Q99592,Q9UL68,Q06413,A0A024RAL7,Q6VY07,A0A024R5H6,Q12824,P42658,Q8IYG9,A7E2E4,Q8WXX7,O14497,Q14204,Q96JM3,Q9Y698,Q05586,O75962,Q8NFD5,Q13224,Q8IZU9,Q12756,P35222,A0A024R2Q3,Q8NF50,Q9Y5P4,Q5TGY3,P30153,A8K7B7,Q9C0A6,Q05639,P49711,Q14738,A0A024RD11,P51532,A7E2E1,Q9Y6X0,Q92794,A5PKX7,P35716,P62873,A0A024R056,P55291,Q9P267,P31629,Q00577,Q13627,Q15326,Q5BJG6,Q5UGI2,Q96PV0,A0A1U9X8L0,Q8WXI9
H00574,P51812
H00889,Q93074
H01514,Q12879,Q547U9,Q96EB1,O60687
H00440,P55316,P51608,D3YJ43,Q59FJ6
H01882,Q8N0W4,A0A024RBV0,B3KP11,Q9NZ94,X5DNV3
H01895,P21917,A0A0G2JM26,P21918,Q8IWU9
H00862,P19113,Q96PX8
H01223,Q06413,A0A024RAL7
H00282,P59046,Q96P20
H01812,P16410,Q15116,A0A0M3M0G7
H00059,P42858
H00067,Q16595,A0A0S2Z3G4
H01284,Q9H173,A0A0S2Z6B4
H00981,P49638
H00060,P54259,Q86V38
H00064,Q13315,A0A024R3C7,P12004
H00094,P54132,P49917,A0A024RE06,P49959,A0A024R395,P18858,O60934,Q13315,A0A024R3C7
H00266,P54886,Q8N0X7,A0A024RDV9,Q9Y6B7,A0A024R0D2,Q6XUX3,Q5T442,Q12840,Q96JI7,Q9UPM8,B4DM48,Q7RTP0,O94905,O75881,Q05C57,Q9UQ90,Q9UBP0,E5KRP5,Q9H902,Q68DK2,Q9NZD8,A0A024R5Y1,O00400,Q8WXF7,A0A0S2Z5B0,Q53F53,P60201,A8K9L3,Q12768,P32004,P10809,A0A024R3X4,O43299,O00189,O75298,A8K7F2,Q6GMT0,Q8IY17,Q9Y587,Q8NEL9,Q5T4F4,Q96G97,A0A024R549
H00749,P43003,Q8N169,A0A024R050,O00305,O00555,Q09470
H00848,Q7Z333,Q8WYR1,L7RT34,Q7Z2E3,Q96T60
H00999,Q9Y2Z9,Q86YH6,Q5T2R2,O75208,A0A024R6U3,Q9Y3A0,Q99807,Q7Z2E3,Q8NI60,A0A024R3S3,Q96H96
H01036,Q9Y5Y0,B2RB38
H01038,Q86WG3,A0A0S2Z5T8
H01170,Q9NZJ4
H01204,P98155,Q562E7,Q24JR4,P35219,Q9NTI2,Q6ZU25,Q6ZSP3,B7Z880
H01351,Q9Y4W6,Q8TA92,Q9NVV4,O43896,P23763,Q96GW9,Q9NZJ4
H01478,P54252
H01898,Q8IY17
H00455,P22314,A0A024R1A3,Q04656,B4DRW0,Q762B6,O95292,Q53XM7,P10275,Q9NUA2,Q14204,Q8TD16,Q96FU2,Q16637,Q16637
H00062,P10275,Q9NUA2
H00058,Q13148,Q9H256,A0A024R4E2,Q92562,P43243,A0A0R4J2E8,P03950,W0UV28,Q96LT7,Q7Z333,Q8WYQ3,Q99720,Q9UQN3,B2RE76,P55072,V9HW80,Q96IF9,Q9UHD9,Q96CV9,P35637,Q6IBQ5,Q14203,Q6MZZ3,P10636,A0A024R9Y1,Q96Q42,A8K4R4,Q96QT4,A0A024R5V1,O95292,Q53XM7,Q15303,P68366,P07737,P09651,A0A024RAZ7
H00656,Q13642,P17661,Q53SB5,P12883
H00841,Q9NQ40,K0A6P4
H00856,Q6PIJ6,Q6AZE0,P25686,Q12988,Q6ICS9,Q9H902,Q04656,B4DRW0,Q762B6,P38935,Q14203,Q6MZZ3,Q9UJY1,Q9GZV3,B2RCU2,O94827,Q99720,Q9HBA0,Q96G97,A0A024R549,P04792,V9HW43
H00524,Q9HBA0
H00970,Q96Q42,A8K4R4
H01903,Q9HAB3,Q9NQ40,K0A6P4
H00057,Q04637,Q96I65,P43354,F1D8N6,Q53EL4,Q9Y6H1,P09936,V9HW74,O60260,X5DR79,O43464,Q9NQ11,Q5S007,Q17RV3,Q6Y7W6,Q99497,V9HWC2,Q9BXM7,Q96QK1,Q9Y3I1,O60733,P37840,Q9Y2G8
H01600,Q5S007,Q17RV3,Q99497,V9HWC2,Q9NQ11,O43426,J3KQV8,Q05CZ1,O75165,P37840,Q9BXM7,O60260,X5DR79,Q709C8
H00077,P10636,A0A024R9Y1
H00832,Q96RL7,Q8WXH2,F8W9A3,B4DIC1,P51811,Q9BZ23
H00833,Q9NSK7,Q13057,Q7L5A8,Q9NQ11,P00450,A5PL27,Q9BZ23,P02792,O60733,Q9Y484,A0A024QYX1
H01177,P00846,Q0ZFE3,P37198,A0A024QZF1
H01574,Q08357,P09619,Q59F04,P01127,Q9UBH6,A0A024R911
H01614,Q96H96
H01779,P02792
H00831,Q9NVV9,Q8N490,A0A024R415,P30793,A0A024R642,P11166,Q59GX2,P13637,Q53ES0,Q9BYT9,P38405,A8K1Y9,P35270,Q7Z6L0,Q00975,P84074,O75569,Q9UMN6,Q9BV79,P07101,P78428,Q8N5Z5,P12111,Q63HQ4,D9ZGF2,Q8N4Z1,P21675,O14656,B3KPA1,O43556,A0A0S2Z4P5
H01161,P20711,Q53Y41
H00769,P23415,Q9NQX3,P48167,Q9Y345,Q4VAM6,Q4VAM4,O43307
H00860,Q15361,A0A024R8C1
H01432,Q96RL7
H01577,P35637,Q6IBQ5,Q6N022
H01920,Q96QS3
H00056,P05067,A0A140VJC8,P02649,A0A0S2Z3D5,P49768,A0A024R6A3,P49810
H00078,P28799,Q9UQN3,B2RE76,P55072,V9HW80,Q96IF9,P49768,A0A024R6A3
H00072,O00330,P09622,A0A024R713,P11177,Q9P0J1,A0A024R9C0,P10515,Q86YI5,P08559,A0A024RBX9
H00066,P04062,A0A068F658,Q5S007,Q17RV3,Q16143,P37840
H00290,O75792,Q9NSU2,Q9Y3Z3,Q59H15
H00063,P54253,Q96FF1,O00555,Q9Y4W6,Q8TA92,O00567,O15020,Q9P219,B4DZB8,Q13507,Q99700,O43497,P08473,Q5SV17,Q14643,P05129,Q3B7T3,Q92915,P13639,P54252,Q9NYP7,A0A024RD35,B3KWH9,P20226,Q32MN7,Q14003,Q00005,O15265,Q9UPD8,Q6IQ55,Q8IWY7,Q9UBB4,O95932,P01213,Q9UK17
H01891,Q7Z333,O14773,Q9NUW8,A0A024R6L5,B3KN41,Q10713,O43424,P19634,B2RAH2,Q9GZZ9,Q8NF91,Q8NI60,A0A024R3S3,Q96KG9,Q9Y5W7,Q9UNE7,Q69YN2,A0A0S2Z5E9,Q96KG9,Q502W6,Q9NW15,Q8NB59,O15020,Q9NZC7,Q13255,Q59HC2,Q92622,Q8N4U6
H01184,Q9Y287
H01295,P15328,A0A024R5H1
H01354,O43678,O00217,Q9BSH4,Q16795,P31040,A0A024QZ30,Q330K2,Q8N183,A0A0S2Z5U1,Q9Y276,A0A024R467,P42704,E5KNY5,Q96CU9,O75489,O43181,A0A0S2Z433,Q9UI09,O75251,Q7LD69,Q12887,O95299,A0A024R4B3,Q15526,E5KRX5,Q7KZN9
H01363,P00846,Q0ZFE3
H01305,O75746
H01389,P54098,E5KNU5
H01900,O00429,B4DYR6,Q9GZY8,A0A024R491
H01490,Q15116,A0A0M3M0G7,P01912,Q5Y7D1,P01920,Q5Y7D3,P19438
H01491,P55087,F1DSG4
H00606,Q05193,P18505,X5DNL6,Q9NZC7,Q05639,P61328,Q14721,Q9NQ66,Q9BY32,A0A0S2Z3W7,P43004,O60741,Q86WJ6,Q96T60,Q9P0K9,P28472,P78381,Q9ULP9,Q8TAB3,O76039,Q13367,Q5T011,P61764,Q68CM6,Q9GZZ9,P57059,P49588,O15399,Q59G17,P16389,Q9UQD0,Q6B4S4,Q13224,Q8N442,A0A024R9T3,Q9H2X9,Q99250,Q86YT5,Q68D44,O00555,Q9NP73,P09471,B3KP89,Q8N6I9,Q96N67,P53779,A0A1P0B7D2,Q9H2C2,A0A024R3V6,Q11203,Q8NC96,O43307,Q96QS3,Q6IQ26,O43526,P14867,A8K177,P40926,A0A024R4K3,B3KTM1,Q13813,Q9H936
H01460,Q11203
H01813,Q11203,Q00577,P28472,O14647
H01815,Q5JUK3,Q9NQ66,P35498,Q9ULP9,Q9H2X9
H01808,O00555
H00783,Q07699,Q8WXG9,P18507,P61266,Q15858,P35498,O14764,A8K496
H00806,O43525,Q99250
H00808,Q9ULP9,P18507,P14867,A8K177,Q5JVL4,B2CKC5,P28472,O95180,B3KQH9,O00305,P51788
H00810,P04080,Q76LA1,Q96MT3,A0A024R0W7,B3KVG3,Q99519,Q5JQI0,Q7Z3G6,A0A024R368,,P54259,Q86V38,P07339,V9HWI3,Q9UBY8,A0A024QZ57,Q03252,Q9NQV8,A0A024RDC4,Q05CA1,P50897,Q8NHS3,O14773,Q13286,A0A024QZB8,P27544,Q6VVB1,P48547,Q3KNS8,O14653,Q9NWW5,A0A024R601,P04062,A0A068F658,Q14108,A0A024RDG6,Q96MP8,A0A024RDN7,O75503,A0A024R644
H01994,O95278,Q6VVB1
H01995,P04080,Q76LA1
H00577,Q8NB90,Q6PJG6,Q9H8M5
H01124,Q9NVS9,V9HW45
H01247,P49419
H01258,Q12791
H01775,Q8TAB3
H01818,P35498
H01819,Q9H936,P57059
H01827,Q12879,Q547U9,Q96EB1,O60687
H00775,P35498,O00555,P50993,A0A0S2Z3W6
H00282,P59046,Q96P20
H00688,P56645,A2I2N5,O15055,P48730
H00916,Q99453,P39905,A0A0S2Z3V2,P23560,A0A0E3SU01,P50553,P14138,P07949,A0A024R7T2,Q9BTX6
H01293,O43612,Q16653
H01131,Q9UHD8
H00798,P02766,E9KL36
H00264,Q13614,Q9UJY1,Q01453,Q6FH25,Q14204,P08473,Q15526,E5KRX5,Q9C040,P11161,Q9HAV0,Q6UWE0,A0A024R870,O60333,P55072,V9HW80,Q96IF9,P49588,P02545,P51149,A0A158RFU6,Q9HBA0,O95248,A0A024R4Z9,O94827,Q99732,Q9BXM0,P38935,Q92597,P56192,P07196,Q92562,P12081,P25189,P50570,Q86WG5,P08034,Q96HY7,Q27J81,Q8TB36,P54577,A0A0S2Z4R1,Q9Y6X9,Q71SY5,Q96M96,P41250,P60891,O95140,Q15046,P12074,H6SG15,Q9Y547,Q8TF17
H00265,Q9H4Q4,Q15858,P01138,Q6DD88,P04629,P26358,I6L9H2,Q8WXF7,A0A0S2Z5B0,Q53F53,Q9H6L5,Q12756,P51149,A0A158RFU6,O15270,A0A024R6H1,Q9UI33,Q03001,Q6P0N6,B4DSS9,P48643,V9HW37,O15269,A0A024R277,Q6NUL7,Q9H4A3,A5D8Z4,O95163,Q4LE38,Q8N516
H01155,Q9NR77,P25189
H00816,Q9UHW9,A0A024R9I5
H01296,Q01453,Q6FH25
H00524,Q9HBA0
H00075,O00628,Q6FGN1,O14832
H00204,O43933,P28328,Q7Z412,A0A024R100
H00848,Q7Z333,Q8WYR1,L7RT34,Q7Z2E3,Q96T60
H00774,Q15858
H01220,Q9Y5B0
H01259,Q9H2C0,A0A0S2Z4W2,B3KTC3
H01836,P04629
H01436,Q01453,Q6FH25
H00770,O15146,P28329,P11230,Q9Y215,O00468,P02708,Q53SH4,Q07001,Q04844,P35499,Q06210,Q13702,A0A0S2Z4F8,Q18PE1
H00590,Q9UKY4,Q13797,Q8N6H6,Q13683,Q4LE35,Q9NZV5,Q8WZA1,P24043,Q59H37,P12109,P02545,A4D126
H01341,P12109,P12111,Q63HQ4,D9ZGF2,Q8N4Z1,P12110
H01778,P12109,P12111,Q63HQ4,D9ZGF2,Q8N4Z1,P12110,Q99715
H01340,P12109,P12111,Q63HQ4,D9ZGF2,Q8N4Z1,P12110,Q99715
H01338,P12110
H01958,P24043,Q59H37
H00120,Q9H5K3,A4D126,O95461,X5DR28,Q14118,A0A024R2W4,Q8NAT1,A0A024R2P4,Q9Y2B1,Q9H9S5,A0A024R0R7,O75072,Q8NCR0,O43505,A0A024R5F9,Q8WZA1,Q9UKY4,Q9Y5P6,Q9Y6A1
H01960,O75072,Q9UKY4,Q8WZA1,Q9H9S5,A0A024R0R7,Q9Y5P6,Q9Y6A1,O95461,X5DR28
H01959,A4D126,Q9H5K3,Q14118,A0A024R2W4,Q9Y5P6,Q9Y6A1,Q8WZA1,Q9UKY4,Q9H9S5,A0A024R0R7,O75072
H01957,O75072
H01961,Q9H9S5,A0A024R0R7
H01962,O95461,X5DR28
H00493,P51654,Q53H15,I6QTG3,P98160,Q93063,Q9Y625
H00562,P11532
H01963,P11532
H01964,P11532
H00563,Q8WXH0,Q8NF91,P02545,P50402,Q13642
H00565,Q16585,Q5U0N0,Q92629,Q13326,Q16586,A0A0S2Z4Q1
H00566,O75923
H01965,Q75V66,O75923
H00567,P56539,A0A024R2D8
H00568,Q09013,E5KR06,P62633,A0A0S2Z4K2
H00585,Q15149
H00591,A6NHR9,Q14331
H00704,Q86U42
H00592,P20807
H00593,O75072,Q8WZ42,Q9Y6A1,Q92629,Q13049,A0A024R843,Q9H9S5,A0A024R0R7,P02545,O75923,Q7Z4I7,Q9Y5L0,A0A024R794,B3KMX1,Q9Y5P6,A4D126,P17661,Q53SB5,Q7Z392,P56539,A0A024R2D8,O15273,A2TDC0,Q14118,A0A024R2W4,Q15149,Q9UBF9,A0A0C4DFM5,Q16585,Q5U0N0,Q16586,A0A0S2Z4Q1,O14979,A0A024RDF6,Q13326,O75190,P20807,Q8NBL1,Q9UKY4,Q8WZA1,Q8NE79,Q5JTV8,Q75V66
H01974,O75923
H00594,Q8WZ42,Q75V66,P12883,Q9Y223,O75923,P31483
H01975,P31483
H01976,Q8WZ42
H01977,P12883
H00595,O95817,P17661,Q53SB5,Q14315,Q59H94,Q9UBF9,A0A0C4DFM5,O75112,P02511,V9HW27
H00596,Q9Y223
H00657,Q13642
H00697,Q13642
H00698,P13805,P68133,P20929,Q96MF8,Q05C45,P06753,P07951,O60662,Q2TBA0,A8K5H9,C9JR72,Q9Y281,Q549N0,Q86TC9,Q0VAK6
H00699,P21817
H01310,P21817,Q9NZV5
H00700,O00499,A0A024RAF1,P50570,Q13496,A0A024RC06,P23409
H00701,Q9NZV5,P68133,P06753
H00702,P06753,P07951,P68133
H00703,P12883
H01780,P35499,P35523
H00705,P35523
H00743,P35499
H00744,P35499
H00898,Q9Y606,E5KMT5,Q9H1K1,B3KQ30,Q9Y2Z4
H01129,O14983,Q7Z675
H01200,Q5JTJ3,O43819,Q86WW8,Q7KZN9
H01229,Q9UKX2
H01291,Q9UBF9,A0A0C4DFM5
H01777,P98160
H01347,,,,,P03923,U5Z977,,,P03915,U5ZC31,,P03886,U5Z754
H01348,Q00325,A0A024RBH9,Q6MZF9
H01356,,,,,,P03915,U5ZC31,
H01368,Q15526,E5KRX5,P00414,Q7GIM7,P0DJ07,P00395,U5YWV7,O43819,Q7KZN9
H01369,Q8N5M1,P56381,Q9BUB7,P00846,Q0ZFE3,P25705,V9HW26,P03928,U5YV54
H01384,P54098,E5KNU5
H01390,P54098,E5KNU5,P19971,E5KRG5,B2RBL3,Q7LG56
H01781,P13473,Q3ZAQ7
H00215,Q9Y6H6,Q6IAE6,P35499,P63252
H00745,P35499
H00746,P35499,Q13698
H00747,B7U540
H00748,P63252
H01097,Q99259,Q8IVA8,A0A0S2Z3V5,Q14678,Q9UEY8,Q5VU08,Q53FL4
H01005,P09172
H01987,O95163,Q4LE38,Q8N516
H00836,P11166,Q59GX2
H00839,P08572,A0A024RDW8,P02462
H01807,P07333
H00998,P50993,A0A0S2Z3W6
H01905,P12034,Q8NBG6
H01273,P26367,Q66SS1
H00726,P12035,Q99456
H00951,Q15582,A0A0S2Z4Q2
H00952,Q15582,A0A0S2Z4Q2
H00953,P09758
H00954,Q9GZX3
H00955,Q15582,A0A0S2Z4Q2
H00956,P06396,Q15582,A0A0S2Z4Q2
H00957,Q9Y2I7
H00958,P07585,Q6FH10
H00959,Q9Y5Z9
H00960,P37275,B2RBI8,Q8NBS3,P25067
H00961,P25067,P37275,B2RBI8,Q9NZR4
H00963,Q8NBS3
H01221,Q15582,A0A0S2Z4Q2
H00789,Q9NZR4
H01504,P01912,Q5Y7D1,P13762,X5D2U9
H01256,P26367,Q66SS1
H01504,P01912,Q5Y7D1,P13762,X5D2U9
H01116,P24386,A8K545
H01768,P23942
H00417,Q8TCU4
H00527,O75695,A0A1B2JLU2,P08100,O76090,O43837,Q9BZV3,F1T0J3,Q12866,Q3B820,O00294,Q0QD38,Q9NS56,P47804,P12271,P82279,O75643,Q9UMX6,Q7Z3V9,P20839,P35913,P54845,O43395,Q9H3S1,Q8IXQ5,A8K364,Q5T1H1,A6NGG8,Q9Y5X4,O95237,Q8N8E2,Q14028,P10523,Q92834,O43490,O75445,P23942,P56715,Q9P0W8,V9HVY9,Q86SQ9,P29973,A0A024R9X3,Q16518,Q6P2Q9,Q8WWY3,P18545,P78363,Q6AI28,P16499,Q49MI3,Q9H0F7,Q00LT1,Q8TA86,A0A090N8Z0,P22748,O14926
H00589,Q9ULV1,O75197,O95859,A0A024R740,Q00604
H00579,P02462
H00779,Q13402,Q9Y6N9,A0A0S2Z4U9,P12081,Q9P202,B9EGE6,A0A0C4DFT9,Q96QU1,O75838,Q9H251,Q6P152,Q9H5P4,Q495M9,O75445,Q8WXG9,P58418
H00805,P39060,Q9Y5X4,O76090,P02458,P13611,A0A024RAQ9,Q59FG9,P12107,Q59HB5,O60928
H00819,Q9NQW8,Q9GZR5,O43490
H00481,Q6EMB2,O60840,P51160,Q02846,Q6UX65,A0A024R0B7,Q13443,Q96NL8,Q96JP9,F1T0L2,Q13956,Q96KN7,O43490,P51157,Q8TDN2,Q96IS3,Q9H3S1,Q86UR5,Q3ZCW0,B7Z7W2,Q7Z3S7,O43186,Q8TC44,A0MNP0,Q9BZ71,P43080,P78363,Q6AI28,Q92834
H00814,P23942,O76090,Q17R60,Q9BZV3,F1T0J3
H00821,P49238,Q02985,Q03591,P00751,A0A1U9X7H8,Q92743,Q96IS3,Q96RW7,Q9UBX5,A0A024R6G3,P78363,Q6AI28,P0C7Q2,Q03468,Q59FF6,P08603,A0A024R962,P01034,A0A0K0K1J1,O00206,P01024,B4DR57,V9HWA9,P05156,A8K3L0
H00825,P08100,P08603,A0A024R962,Q92781,A0A024RB18,Q12805,A0A0S2Z4F1,B2R6M6,Q6ZWL3
H00837,O43186,Q96KN7,Q86VQ0,Q9NZN9,F1T0B6,Q9P0W8,V9HVY9,Q16518,O00294,Q0QD38,O60928,Q9HAN9,A0A024R4E1,P82279,O15078,Q05BJ6,P20839,Q7Z3Z2,Q96NR8,A0A0S2Z613,Q02846,O95237
H01010,A6NKC6
H01015,Q6P4Q7
H01036,Q9Y5Y0,B2RB38
H01180,P28347,Q59EF3
H01798,O15484,A0A140VKH4
H01890,P23942,P35221,Q16644,A0A024R2W7
H00612,Q16678,Q53TK1,Q8NI36,Q96CV9,P34130,A0A024QZE4
H00068,P03915,U5ZC31,P03905,H9EC08,P03923,U5Z977,P03886,U5Z754,P00395,U5YWV7,P00156,Q0ZFD6,P03891,Q7GXY9,P00414,Q7GIM7,P03901,Q7GXZ4,P00846,Q0ZFE3
H01365,P03886,U5Z754,P03897,Q7GXZ5,P03905,H9EC08,P03923,U5Z977
H01201,O60220
H00838,Q13509,Q53G92,Q7Z4S6,Q9BXS0,O14813
H01118,P51530,Q96RR1,E5KSY5,Q9H6V3,Q9UHN1,E5KS15,P12235,A0A0S2Z3H3,P54098,E5KNU5,O60930,E5KN15,Q7LG56,Q16854,E5KSL5,O00142,Q8IZR3
H01355,P03897,Q7GXZ5,P03905,H9EC08,P03915,U5ZC31,P03923,U5Z977,P00156,Q0ZFD6,P03901,Q7GXZ4,P00414,Q7GIM7,P03928,U5YV54,P00846,Q0ZFE3
H00633,P15882
H00787,O60840,P57796,Q6PRD1,A0A087X0K8,O60721,Q3SXY7,Q15835,Q9GZU5,P10523,P11488,A0A024R2Z1,Q7Z4N2,P35913,O15303,P08100
H00971,P51160,Q16281,Q9NQW8,P18850,A8K383,P19087,Q5T697,Q13956
H00974,P0DN77,P0DN78,P04001,
H00976,P0DN77,P0DN78,P04001,P03999,Q0PJU0,
H00776,Q6ZUT3,P51810
H01201,O60220
H00712,P29033,H9U1J4
H01705,O75443,Q9H251,Q6P152,P63261,O76024,A0A0S2Z4V6,P56696,B3KQH8,P57727,O43405
H00604,Q8IVM0,O75443,P35579,A0A024R1N1,Q7Z406,P63261,P13942,A0A0C4DFS1,P56696,B3KQH8,Q9UBC5,B2R643,Q9UM54,Q15319,O60610,Q6URC4,Q8TDI8,,O60443,A0A024RA58,Q8NDX2,Q6ISB3,O75712,P29033,H9U1J4,Q15475,O95452,A0A024RDS4,Q9NZW4,O95677,Q96CJ7,O76024,A0A0S2Z4V6,Q13402,O43405
H00605,Q8NEV4,Q8TDI8,O95500,Q8IXL7,Q8NEW7,Q8IVV2,F5GZB4,B7Z7T7,Q9P202,B9EGE6,A0A0C4DFT9,Q8TAF8,P13942,A0A0C4DFS1,Q0ZLH3,O75712,P29033,H9U1J4,O95452,A0A024RDS4,Q8N4S9,Q9Y6N9,A0A0S2Z4U9,B1AK53,O75443,P57727,O95718,Q4KMQ1,Q9H251,Q6P152,Q8WZ04,A8MXD5,P35241,B0YJ88,Q6PKD3,O43511,P58743,P14210,P11487,P35237,A0A024QZX3,P17302,Q13402,Q9H2D6,A0A087WZU1,Q7RTW8,Q05BM7,Q9UM54,Q9HC10,Q96QU1,Q7RTU9,Q9UKN7,P81274,A0A024R0F8,B4DIF1
H01209,P60891,P49335
H01633,P51170,A5X2V1,P08235,B0ZBF6,P51168,B2R812,P19099,P15538,Q8TDD0,P80365
H00602,P19099,P15538,Q8TDD0
H00259,P80365
H00242,P51170,A5X2V1,P51168,B2R812
H00258,P19099
H00603,P08235,B0ZBF6
H01742,Q02078,A0A0S2Z4N0,O75581,P49238,O60229,J3QSW6,P08254,P16671,A4D1B1
H01619,Q13873
H01621,P37023,A0A0S2Z310,Q13873,O15198,P17813,Q96CG0,A0A024R878,Q03135,Q2TNI1,Q59E85,Q9P2K8,O14649
H01866,Q13873,Q9P2K8
H01868,P21333,Q60FE5,Q6NXF2,Q96JQ0
H00295,P01920,Q5Y7D3
H00292,P45379,P13533,P12883,P68032,B3KPP5,Q9UGJ0,A0A090N8Q6,P18206,V9HWK2,B3KXA2,P09493,A0A0K0K1I0,P10916,Q6IB42,Q8WZ42,P19429,Q6FGX2,P50461,A2TDB8,P08590,A0A024R2Q5,Q14896,A5YM48,P63316,Q6FH91
H00293,Q92736,Q02487,P15924,B4DKX6,P14923,A0A0S2Z487,Q99959,P10600,A5YM40,Q14126,Q9BTV4,A0A024R2F9
H00294,P42167,A0A024RBE7,Q59G12,P11532,P68032,B3KPP5,P17661,Q53SB5,P63316,Q6FH91,O75072,Q16635,A0A0S2Z4K0,P45379,P13533,P12883,P49810,P49768,A0A024R6A3,Q92629,P09493,A0A0K0K1I0,P01920,Q5Y7D3,P19429,Q6FGX2,O95677,Q96CJ7,Q8WZ42,P04440,I4EC15,P01912,Q5Y7D1,P18206,V9HWK2,B3KXA2,O75112,P31040,A0A024QZ30,P02545,Q0ZGT2,O15273,A2TDC0,P35609,Q16635,A0A0S2Z4K0,Q14896,A5YM48,O60706,A0A024RAV7,Q5T481,P20036,X5CKE2,P26678,Q5R352,P50461,A2TDB8,Q14524,H9KVD2,P01909,A0A173ADG5,Q8MH44
H01219,P68032,B3KPP5,P45379,P17661,Q53SB5,P19429,Q6FGX2
H01216,P45379,P12883,Q9Y4J8,P02545,P68032,B3KPP5,Q16635,A0A0S2Z4K0,O75112
H00567,P56539,A0A024R2D8
H00720,P51787,Q96AI9,P0DP23,P0DP24,P0DP25,B4DJ51,P0DP23,P0DP24,P0DP25,B4DJ51,Q13936,Q5V9X9,Q59GU3,P56539,A0A024R2D8,Q14524,H9KVD2,P51787,Q96AI9,P48544,Q9Y6J6,P15382,C7S316,Q6FHJ6,P63252,Q01484,Q12809,Q15BH2,A0A090N8Q0,Q13424,Q99996,Q6PJH3,Q5GIA7,Q8IWT1,B0YJ93
H01154,Q9UGJ0,A0A090N8Q6
H01019,P0DP23,P0DP24,P0DP25,B4DJ51,Q13061,P04899,B3KP24,Q92736,O14958
H00731,Q07699,P12829,P01160,P22460,O60939,Q5U0K8,O75694,A0A024R071,Q9Y6J6,Q9NY72,A0A024R3H7,Q8IWT1,B0YJ93,P63252,P51787,Q96AI9,Q14524,H9KVD2,P36382,X5D2H9,O60706,A0A024RAV7
H00728,Q14524,H9KVD2,Q9Y6H6,Q6IAE6,Q9Y3Q4,Q9NY72,A0A024R3H7,Q9UK17,Q08289,Q07699,Q8N335,Q13936,Q5V9X9,Q59GU3
H00536,Q9UM47
H00877,P02462
H01396,P62736,D2JYH4,Q02108,Q63HN8,A0A0A0MTR7
H00800,P61812,Q59EG9,P84022,A0A024R5Z3,Q9P0T0,P10600,A5YM40,P37173,A3QNQ0
H00801,P37173,A3QNQ0,P36897,Q5T7S2,B4DXN7,Q13976,P35749,A0A024QZJ4,Q15746,P62736,D2JYH4,P28300,D0PNI2,Q13461,A0A0A1EII5,Q13361,B3KW70
H00771,Q15858
H00533,Q13485,A0A024R274,Q9UK05,B2RC63,P37023,A0A0S2Z310,P17813,Q96CG0,A0A024R878
H01723,P07225,A0A0S2Z4K3,P01008,A0A024R944
H01433,O60674,P12259
H00896,P49815,Q92574,Q86WV8,X5D9D2
H01360,Q92949,A0A024R8P1,Q9NVU7,P12318,P32246,Q5U003,P41597,P51677,A0A024R2Z3,Q8TDP5,P46094,Q689E2,Q502V0,P51681,Q38L21,O14625,P02778,A0A024RDA4,P23771,P13501,D0EI67,Q8IU57,Q14116,P01588,G9JKG7,Q07325,P35225,P08571,Q9Y258
H01103,P01009,E9KL23
H01714,P01009,E9KL23
H01713,P01889,E5FQ95,P30443,Q5SUL5,E2RYF7,E2RYF6
H01714,P01009,E9KL23
H00079,P35225,Q01362,P01912,Q5Y7D1,P05112,D4HNR6,P24394,P08571,P01920,Q5Y7D3,Q9BZ11,P07550,P01375,Q5STB3
H01191,Q9UL17
H00892,P51170,A5X2V1,P51168,B2R812,P37088
H01299,O14746,Q8IWL1,P11686,A0A0S2Z4Q0,Q9HC84,Q8IWL2,A0A024QZP2,
H01110,Q8NFG4
H00564,Q8IXS2,Q96DT5,H9NAJ7,Q96NT7,H9NAJ8,Q5TD94,B3KTA9,Q4G0X9,Q9NQM4,O75800,Q8N427,Q8N9W5,A0A0C4DH78,Q8WXU2,Q4G0P3,Q9UI46,A0A140VJI0,Q8IW40,Q9GZS0,Q86UC2,Q8WYR4,P59910,Q96NG3,Q96MC2,Q9UFE4,Q86Y56,B3KPE2,Q9NVR5,Q86X45,Q07617,Q8NEP3,A0A140VJN4,Q9H1X1,Q5T2S8,A0A140VKF7,B7Z7Y0,Q8TE73,Q96M63,O95995,A5D8V7,B3KPH7,P22674,P57076,Q4LDG9
H00432,Q9NZW4
H00615,O60882,Q9BZG2,Q13751,A0A0S2Z3R6,Q9NP70,Q546D7,Q9NRM1,Q17RF5,P18564,Q96MK3,L8B8N7,Q8IYA5,Q3MJ13,Q99217,Q8NFF2,Q6ZRV2,Q71RB4,Q15743,A1A5B2,Q9Y5K2,A0A0C4DFQ5
H00652,Q15465
H01292,Q6T4R5
H01250,Q07889
H00497,P78314
H01901,Q8N9N2,Q96CG8,P21757
H00286,O95150,A0A0U5JA19,Q08334,Q676U5,Q17RG0,Q9H015,O76082,Q5VWK5,Q9HC29,A1A4Y4,Q13651
H01466,P22301,Q6FGW4,Q5VWK5,P26927,G3XAK1,Q53GN8
H01615,P25092
H00936,Q96EK5
H01853,Q92959
H01367,P56192,Q9P2J5,O75648
H01001,Q5HYA8,Q9P2K1,Q68CZ1
H01133,Q14739
H00628,O75881,Q05C57,Q9UHK6,P28288,Q9H2F3,P51857
H01264,Q9HB58
H01333,Q9NST1
H01213,Q9H221,P21439
H01213,Q9H221,P21439
H00624,Q9H2F3,O95342,O43520,P21439,Q969X6
H00933,P07477,Q99895,P07478,Q5NV56,Q6PK75,P13569,A0A024R730,P00995
H01362,P01920,Q5Y7D3,P01909,A0A173ADG5,Q8MH44
H01358,P24394,P35225,Q9HC29,A8TX70,O43187,Q9Y239,A0A024RA73,O60603,B3KWR9,A0A0S2Z4S4,Q9NQ38,P13501,D0EI67,Q9NR96,P20930
H01357,Q14005,P02745,A0A024RAG6
H01656,Q14005,P02745,A0A024RAG6
H01663,Q14005,P02745,A0A024RAG6
H01659,Q9BXL6
H00282,P59046,Q96P20
H01799,Q9UHX3,A0JNV7
H01694,P01889,E5FQ95,P30443,Q5SUL5
H01307,P51178,A8K8F9,Q02388,Q59F16,O60353,A0A024R9E9,Q2I0M5
H01158,O43593
H00671,Q9NQ38
H00684,Q04695,Q14666,P08779,P04259,P02538,A0A0S2Z428
H00780,O43593
H00681,Q9NZ42,P49768,A0A024R6A3,Q92542
H01372,Q9C000
H00823,P24530
H00588,Q9BQL6,Q54A15,Q49AC8
H00793,Q9BQ65,A0A024R6V6
H01906,Q6SJ93
H01673,P04264,P55064,O75635,P29033,H9U1J4,P35527
H01133,Q14739
H01516,O15553,P01912,Q5Y7D1,Q14116
H01672,P05231,Q75MH2,B4DVM1,P14174,I4AY87
H00282,P59046,Q96P20
H01193,Q9UEF7,Q5K651
H01236,Q9HCJ1
H00872,P13535
H01468,P22301,Q6FGW4,P01912,Q5Y7D1,P13762,X5D2U9
H01698,Q9Y2R2,B4DZW8,P01912,Q5Y7D1
H00080,P02741,P01912,Q5Y7D1,P01909,A0A173ADG5,Q8MH44,O75015,P01920,Q5Y7D3,O60602,P06681,Q5JP69,Q53HP3,P01375,Q5STB3,P0C0L4,Q2M1K9,B3KNG7,Q15116,A0A0M3M0G7
H01492,P04440,I4EC15,P01912,Q5Y7D1,Q15025,A8K4N4,P51684,P01584,P01583,Q9Y2R2,B4DZW8,Q14765,Q13568,P14778,P21580,P20963,P01920,Q5Y7D3,P20036,X5CKE2,Q8NDB2,P01909,A0A173ADG5,Q8MH44,P23510,A0A024R937
H00557,Q9Y487,P54886,Q04656,B4DRW0,Q762B6,Q9UBX5,A0A024R6G3,P15502,P32322,A0A024R8U9
H01476,P22301,Q6FGW4,P01889,E5FQ95,Q99665,Q5VWK5
H01502,P01912,Q5Y7D1,Q14765,Q13568
H01674,P01889,E5FQ95
H00431,P12109,P10600,A5YM40,P22413,P13942,A0A0C4DFS1
H00430,Q04771,D3DPA4
H00614,P58335
H01593,P50479,P01137,P13797,P11473,F1D8P8,O75197,Q9BXB1,Q59ER8,P30988,A0A0A0MRG0,P01270,O75795,P08123,A0A0S2Z3H5,P02452,,P04628
H01774,Q9BQB4
H01529,P02458,P08183,A4D1D2,P29474,P15692,A0A024RD33,P05121,A0A024QYT5
H01709,P04150,F1D8N4,P15692,A0A024RD33,P80365,P02458,P08183,A4D1D2,P05121,A0A024QYT5
H00437,Q9Y6Q6,Q13501,O00300
H00437,Q9Y6Q6,Q13501,O00300
H00457,P15428,Q92959
H00613,P02452
H00623,Q04721,Q6IQ50,Q9UFD5
H01865,Q9Y5Q3
H01526,P02458
H01726,Q9BXR6,P08603,A0A024R962,P52429,A1L4Q0
H01657,Q96D53,P19544,A0A1W2PQQ0,Q6PI38,P57740,Q9NP85,P52565,V9HWE8,Q8N1F7,P54851,Q7Z4B3,O60500,Q16827,Q9P212,P55268,A0A024R319,Q92621,P52429,A1L4Q0
H00576,P55268,A0A024R319
H00626,P19544,A0A1W2PQQ0,Q6PI38,O43707,A0A0S2Z3G9,O60500,Q9Y5K6,Q9Y210,Q9NP85,Q27J81,O14791
H01260,P02751,Q6MZF4,Q6N084
H00537,P07911,Q9NQH7,O60336
H00195,P07741
H00428,Q9HBG4,A0A024R791,P15313,P02730
H00429,Q9Y6R1,A0A024RD97
H00241,P00918,V9HW21
H00243,P51170,A5X2V1,P08235,B0ZBF6,P51168,B2R812,P37088,Q9H4A3,A5D8Z4,Q96J92
H00252,P41181,P30518
H00694,Q01968,P51795,A8K4H5
H00890,Q8IZU3,A0A024RBF8,O00507
H01282,Q8IZU3,A0A024RBF8,Q8TC36,Q92750,Q8NEC5,Q9BXB7,A0A140VJV8,Q13285,F1D8R8,Q6NUT2,Q8WY41,Q8NDM7,Q58F21,Q8IYF3,Q96RN1,A0A024RCV0,Q6JEL2,A0A140VJM8,Q8IYM1,Q96MT7,Q9P2D7,A0A140VJI6,O00507,Q8N635,Q8IWB6,Q8N0S2,A0A0B4J1R9,Q9H091,Q9UQB9,Q86YW0,A0A140VJR9
H01897,P60852,V9HWI9,Q3ZCM7
H01039,P23945,A0A1D5RMN4
H00289,Q8WX94
H00913,P43699
H00217,P11686,A0A0S2Z4Q0,P32927,Q6NSJ8,P07988,D6W5L6,Q99758,Q4LE27
H00512,P52945,Q9BZS1,Q14654,Q7RTS3,P35557,Q53Y25,P01308,I3WAC9,Q09428,Q8NEA6,A0A0S2Z689,Q9NZJ5,B3KY45
H00513,Q14654,Q9UM63,A1YLA1,Q09428,Q9NU63,A0A1U9X8V5,B7ZW61,
H01174,P16422,Q9Y4Z2,O43291,Q9ULV0,Q7Z7A5,P40879,P48764,O75907,P25092
H01922,Q8IZF0,A0A024RE05,Q8TEA7,A0A024RDH3,Q8N2C7
H00269,Q9HC77,A8K8P1,Q8IZT6,B3KWI2,Q8NG31,P47897,B7Z840,Q9Y5U9,Q8IZQ1,A0A024RDI0,Q96SN8,B3KVI2,O43379,Q9NYP3,Q8NEM0,Q15800,O14578,Q86XL3,Q8NA29,Q71RE4,Q6UVJ0,Q02224,Q00534,O94986,Q3B7A2,Q66GS9,P78364,Q6N083,Q6GMQ3,Q9NVC6,Q9H4Z2,Q8IW09,Q15468
H00616,Q92979
H00990,Q9HC21,Q5JPC1
H01677,Q9P219,B4DZB8,O75970,P32004
H01678,Q8N9L1,Q15915
H01034,P32004
H00120,Q9H5K3,A4D126,O95461,X5DR28,Q14118,A0A024R2W4,Q8NAT1,A0A024R2P4,Q9Y2B1,Q9H9S5,A0A024R0R7,O75072,Q8NCR0,O43505,A0A024R5F9,Q8WZA1,Q9UKY4,Q9Y5P6,Q9Y6A1
H00267,O95409,A0A024RDY6,Q13635,O95343,Q15465,P10070,Q1PSW9,Q59FV5,Q15583
H00268,O43602,P62258,V9HW98,P43034,P07942,Q8TAS6,Q71U36,P78509,Q00535,A0A090N7W4,Q9BVA0,Q96QS3,Q9NXR1,X5DR54
H00270,P21333,Q60FE5,Q6NXF2,Q9Y6D5,Q86TH5,Q59FR3
H00271,Q9NY65,P42356,B4DYG5,Q4LE69,Q15042,B9A6J2,P39060,Q96EK5,O95936,B7Z4K0,Q92562,P26367,Q66SS1,Q9Y653,A0A024R6U7,O60687,Q86VV8,Q9BVA1
H00263,P10071
H00839,P08572,A0A024RDW8,P02462
H01160,Q15465,Q04743,O95343
H00544,Q9UBX0,A0A024R364,P48431,A0A0U3FYV6,P41225,P32243,F1T0D1
H00530,O75665,E9KL37,Q7Z4L5,A8KA77,Q3SXY8,Q9P2K1,Q2M1P5,Q2MV58,B4DIB9,Q5HYA8,Q68CZ1,Q96Q45,Q9BYV8,Q9NPI0,Q9H799,Q1MSJ5,Q6NUS6,Q9H6L2,Q2M1K9,B3KNG7,Q9BVV6,O43924,Q6IB24,O60308,Q96GX1,O60303,O15259,O15078,Q05BJ6,Q9P0N5,Q8N157,Q9NRR6
H00590,Q9UKY4,Q13797,Q8N6H6,Q13683,Q4LE35,Q9NZV5,Q8WZA1,P24043,Q59H37,P12109,P02545,A4D126
H00756,P58400,P15884,B3KVA4,A0A024R2C0
H00792,Q96BZ9,Q9Y2V8,Q15042,B9A6J2,Q9NP72,Q9H2M9
H00897,Q99986,Q9HD40,Q5VIR6,B3KS06,Q9BSV6,A0A024R4N9,Q9Y6V0,Q96B26,Q9NQT5,Q7Z6J9,Q92989,Q8NCE0,A0A024R2H2,Q9HD42,Q8WW01,B1ALV0,Q5T160,Q01433,A0A024R098,B2RB47,Q96GM8
H01001,Q5HYA8,Q9P2K1,Q68CZ1
H01251,Q92574,Q86WV8,X5D9D2
H01722,Q6P4I2,Q5RKY8,Q6PJL8
H01811,O15078,Q05BJ6
H01870,Q9NXR1,X5DR54
H01881,P23258,O00139,O60282,Q59GB8,Q13885,Q13509,Q53G92,Q9BVA1,P07437,Q5SU16
H01921,O14936
H00262,P42898,Q8IU67,Q59GJ6,Q8TAA9,A0A024R0E3,Q99707,P11586,Q9UBK8
H00677,O15520
H00826,P58012,Q53ZD3
H01027,Q9Y2Y6,Q9BY79,P47895,A0A024RC95,Q9Y586,P02753
H00676,Q13461,A0A0A1EII5
H00662,Q6UY14,Q9UFG7,B7ZMJ3,P35555
H01202,Q53H12,A4D1U5,Q9ULV5,A0A024R6X7,P05813,P22914,A0A140CTX8,P02511,V9HW27,P29317,A0A024QZA8,Q13461,A0A0A1EII5,P02489,A0A140G945,O75364,P11844,A0A0S2A4T3,P30301,P07316,P07315,A0A0X8GLL6,P07320,A0A140CTX7,Q8NC56,A0A024RCZ1,P53673,A0A097PIJ6,Q8N0V5,P55344,P08670,V9HWE1,P48449,B2R694,Q6T4R5,Q6ZSM3,E9PSF9,P53672,A0A024R429,O60292,B2RWP0,Q99502,A0A024R813,B3KXR1,Q9H444,Q13515,Q8NHU6,Q12934,P43320,R4UMM2,P26998,P26367,Q66SS1,Q9BQS8,P02792,Q9Y6H8,P48165,X5D7G1,Q8IWX7,P53674,O75444,O76024,A0A0S2Z4V6
H01292,Q6T4R5
H00635,Q96DX7,P26367,Q66SS1,Q96EB1
H01029,O60938
H01075,Q99697,Q6Y288,P26367,Q66SS1,Q16678,Q53TK1,Q12948,W6CJ52
H00620,Q99697,Q12948,W6CJ52
H01220,Q9Y5B0
H01159,Q99697,P26367,Q66SS1,Q16678,Q53TK1,Q12948,W6CJ52,Q6Y288,O75364,Q13461,A0A0A1EII5
H01026,Q02962
H01203,Q14767,Q16678,Q53TK1
H00817,P05549
H00550,Q71F56,P27539,A0A024R7N8,P0CG37
H00918,P27539,A0A024R7N8,P0CG37
H01263,Q8TD43
H01736,Q92908,A6NCS4
H00546,O43897,B7ZLW3,P13533,P52952,A0A0S2Z383,Q9UMR3,P68032,B3KPP5,Q92908,Q99967,D9ZGF1,P43694,B3KUF4
H00547,Q92908,P17302,P43694,B3KUF4,Q96HD1,A0A024R2G1
H00549,Q92908,O43435,P52952,A0A0S2Z383,Q8WW38,Q9NPQ0,P27539,A0A024R7N8,P78504,Q99740,P43694,B3KUF4
H00554,O43541,P46531
H01272,P17302,O96004,P52952,A0A0S2Z383
H00553,P15502
H01630,P62736,D2JYH4,P35749,A0A024QZJ4,Q9NQX0,Q92481
H00531,Q92990,Q02763,Q59HG2
H00919,O95528
H01002,O95255,P22413
H00909,Q9Y458,B3KUL8
H00516,P01135,Q9H3D4,A0A0S2Z4N5,P10600,A5YM40,O14896,G0Z349,P30711,P07099,R4SBI6,P42898,Q8IU67,Q59GJ6,Q9Y458,B3KUL8,Q15223,P63165,A0A024R3Z2,P12644,Q53XC5,P10276,Q6I9R7,Q92988,P28360,P11362
H00516,P01135,Q9H3D4,A0A0S2Z4N5,P10600,A5YM40,O14896,G0Z349,P30711,P07099,R4SBI6,P42898,Q8IU67,Q59GJ6,Q9Y458,B3KUL8,Q15223,P63165,A0A024R3Z2,P12644,Q53XC5,P10276,Q6I9R7,Q92988,P28360,P11362
H00611,O14896,G0Z349
H00677,O15520
H00463,P50219
H00910,P24530,P14138,P07949,A0A024R7T2,Q9BTX6,P39905,A0A0S2Z3V2
H01477,Q9H6B4,B4E3S3
H01869,P63267
H00545,P14314,Q9UGP8,A0A0S2Z5M1
H00551,P78504,Q99740,Q04721,Q6IQ50,Q9UFD5
H00571,Q8IWV7
H00861,P52945
H00460,P31271,Q6DI00
H00609,Q8WXD0,Q16671,Q13495
H00609,Q8WXD0,Q16671,Q13495
H01033,P13569,A0A024R730
H00608,P05093,Q1HB44,P05108,A0A0S2Z3R3,P49675,Q6IBK0,P16435,P22888,P10275,Q9NUA2,P26439,A0A024R0F9,P31213,Q9UBM7,A0A024R5F7,P37058,Q6FH62
H00598,Q2MKA7,Q05066,A7WPU8,Q9NXL9
H01026,Q02962
H00822,P07949,A0A024R7T2,Q9BTX6,O75631
H01728,P08F94,Q9NP95,Q14697,V9HWJ0
H01867,O95935
H00261,Q7Z494,Q9BPU9,O15078,Q05BJ6,Q68CZ1,Q9H6L2,Q96GX1,Q9UPM9,B4DEW0,Q5HYA8,Q9NXB0,Q9P2K1
H00537,P07911,Q9NQH7,O60336
H00541,P07911,P00797,P35680,Q6FHW6
H00542,Q13563,Q9UEU6,P98161,P08F94
H01817,Q9NUQ7,B3KRI4
H00903,P78337,X5D9A5
H00461,O75369
H00611,O14896,G0Z349
H00872,P13535
H01246,P15428
H01226,P10071
H01852,P10071,Q15928
H00484,Q13253,P43026,F1T0J1,P31371
H01095,P17302,P35453,Q8WVP7
H00459,P35453
H00851,P23142,Q8NBH6
H01854,O43320
H00629,Q8WVP7
H00637,O15119,A0A024RBL6
H00629,Q8WVP7
H00572,Q56NI9
H00464,P57082,O60663,Q6ISE0,Q9H211
H00521,Q13950
H00538,Q86SQ7,Q15051,O15078,Q05BJ6,Q7Z494,O15259,O75161,Q8NEZ3,Q8TDR0
H00811,P45378,O95672,P07951,Q9H5I5,P13535,Q00872,A8KAB1,Q86TA8,P11055,Q5GJ67,P35556
H00855,Q8WVP7
H00846,O00755
H01498,O94766
H01207,Q5H8C1,P11362
H00458,P50548,A0A024R0L4,Q15672,Q9ULC3,A0A024RD41,Q15915,O94761,P11362,P21802,P22607,Q0IJ44,Q99081,A0A024R5T1,P16435,P01116,L7RSL8,I1SRC5,P35548,P98172
H01754,P21802,P22607,Q0IJ44
H00475,Q9H161
H00491,Q9HCJ1
H00503,Q86UK5
H00610,,Q13428,O15160
H00850,O95076
H01376,Q15427,B3KUJ0,Q02127,Q86UK5,O95602
H01884,P05305,Q6FH53,Q15147,P08754
H01993,O94761
H00517,Q8NES3,Q9BYE0,Q9NYJ7,Q0VG99
H00852,Q9NR23,Q8IUG5,A0A075B6F5,Q6KF10,A0A0S2A5D6,P50221
H00979,Q8TAA9,A0A024R0E3
H00751,Q8NCM8,Q8NEZ3,Q7Z4L5,A8KA77,Q9P2H3
H00207,O00628,Q6FGN1,P50542,A0A0S2Z4H1,B4DR50,O15228,O00116
H01194,Q15125,A0A024QYX0,P51690
H00452,Q9Y2U8,A0A024RBB9
H00505,P22607,Q0IJ44
H00515,P50443
H00503,Q86UK5
H00519,P13942,A0A0C4DFS1
H00766,Q9NZJ5,B3KY45
H00456,P21333,Q60FE5,Q6NXF2
H00466,P43026,F1T0J1
H00470,P20594
H00492,O15266,A0A024R385
H00520,P02458
H00522,Q9HBA0
H00767,O15232
H01494,Q14807,Q96L58
H01575,Q13608,A0A024RD09
H01750,P22607,Q0IJ44
H01821,P49585,B4E322
H01825,P36969
H01830,Q9Y3D7
H01967,,Q99575
H00452,Q9Y2U8,A0A024RBB9
H00456,P21333,Q60FE5,Q6NXF2
H00450,O75197
H00447,Q14739
H00444,Q5JTC6
H00518,
H00434,
H00486,Q9BQB4,O75096
H00461,O75369
H00491,Q9HCJ1
H00493,P51654,Q53H15,I6QTG3,P98160,Q93063,Q9Y625
H00494,Q86Y38,Q8WVQ1,A0A024R8U8
H00506,P13497,P50454,A0A024R5K8,A8K259
H00514,O00469,Q96AY3,A0A024R1W3,Q8NAG5,Q658U4
H01749,P22607,Q0IJ44
H00515,P50443
H00479,Q03692,Q9Y3A5,A0A0S2Z5I7,Q03431,A0A024R2Z8,P45452,Q53H33,
H00436,P00918,V9HW21,Q13488,A0A024R5E5,O75197,Q9Y4G2,Q9Y6Q6,P51798,Q86WC4,Q9Y5X0,B4DJM0,A0A024RA70,O14788,Q5T9Y4
H00122,Q16394,Q93063
H00508,Q03431,A0A024R2Z8
H01018,Q06124
H00853,O75096
H00870,P35453
H01828,O15357
H01844,Q8N8U9,A0A090N7U6
H01966,
H00802,Q8NCH0,,P05997,P02461,O95450,Q96H72,P09871,Q96L58,P22105,O95680,Q9Y464,O95681,P20908,A0A024R8E5,B2ZZ86,Q59EE7,P08123,A0A0S2Z3H5,P02452,Q02809,A0A024R4H0,P00736,Q9UBV7
H01241,Q8WW38,Q9NPQ0
H01902,,Q9NQX1
H00735,P20930
H00134,P08842
H00734,Q0D2K0,Q8N8W4,B8XXQ3,Q9Y5Y6,Q9BYJ1,Q5VXI9,O75342,P22735,Q86UK0,B3KVV3,Q8IU89,Q6NT55,P31944,B2CIS9
H00691,P04264,P13645
H00733,Q86UK0,B3KVV3
H00712,P29033,H9U1J4
H00671,Q9NQ38
H00693,P35908
H00739,Q9Y5Y6
H00584,P15924,B4DKX6,Q6TFL4,P13647,Q8NEV8,Q149M6
H00585,Q15149
H00586,Q9UMD9,P23229,Q13753
H00587,Q02388,Q59F16
H00403,Q16531,Q03468,Q59FF6,P28715,P07992,A0A024R0Q6,Q92889,A0A1W1GSK9,P19447,Q6ZYL4,Q92466,P18074,Q13216,P23025,Q9Y253,A0A024RD62,Q01831,X5DRB1
H00425,P53634,P43235
H00274,P53634
H00296,P54132,Q14191,O94761
H01734,O94761
H00507,Q9NX24,Q9NPE3,Q9BSI4,O60832,,O14746,O95453,B3KN69,Q9NZ71,Q96AP0,Q9BUR4
H00535,P35916,Q6UXH8,P35713,Q99958
H00558,P32322,A0A024R8U9,Q5T7V8,B3KQ87
H00560,Q9H1B5,B4DT06,P38435
H00645,Q9Y6K9
H00651,Q92838,Q8WWZ3
H00638,Q9H3D4,A0A0S2Z4N5
H00648,O95452,A0A024RDS4
H00663,P02545,O75844
H00695,P55000
H00710,P17302,O75712,Q9NTQ9
H00714,P23490,P29033,H9U1J4
H00715,P16615,A0A0S2Z3L2
H00722,P35527,P04264
H00723,P08779
H00750,P21673
H00796,P02533
H00844,P98194
H00866,Q8TAP9,A4D1W6,O15541
H00949,Q9H237
H01346,P54132
H01404,Q6PD74,Q05707
H01428,P28715,Q92889,A0A1W1GSK9,P18074,Q16531,Q01831,X5DRB1,P19447,Q9Y253,A0A024RD62,P23025
H01579,P07437,Q5SU16,Q15555,A0A024RC33
H00670,Q14533,P78385,O43790,A8K872
H00667,P43657,B3KVQ5,A0A024RDT2,Q7Z3Z0,Q6ZPD6,Q7RTS7,Q8WWY8
H00684,Q04695,Q14666,P08779,P04259,P02538,A0A0S2Z428
H01896,Q14692
H00523,P01112,X5D945,P36507,Q7Z699,P22681,P21359,Q9UQ13,P15056,Q92963
H00539,P60484,F6KD01
H00559,P24385,Q6FI00,P40337,A0A024R2F2
H00666,Q15831,A0A0S2Z4D1
H00915,P49815,Q92574,Q86WV8,X5D9D2
H01222,P31749,B0LPE5,P60484,F6KD01,B2CW77,P21912,P42336,Q4LE51,O14521,A0A0S2Z4J3
H01437,P21359
H01438,P35240,A0A024R1J8
H01809,P50148,A0A024R240
H01986,Q7Z699
H00458,P50548,A0A024R0L4,Q15672,Q9ULC3,A0A024RD41,Q15915,O94761,P11362,P21802,P22607,Q0IJ44,Q99081,A0A024R5T1,P16435,P01116,L7RSL8,I1SRC5,P35548,P98172
H01753,P21802,P16435
H01755,P21802
H01756,P21802,P11362
H01988,P21802,P11362
H01989,P21802
H01990,P22607,Q0IJ44
H01991,Q15672,P21802
H01992,P98172
H00076,Q03468,Q59FF6,Q13216
H00478,P63162,X5DP00,Q99608,X5D982
H00403,Q16531,Q03468,Q59FF6,P28715,P07992,A0A024R0Q6,Q92889,A0A1W1GSK9,P19447,Q6ZYL4,Q92466,P18074,Q13216,P23025,Q9Y253,A0A024RD62,Q01831,X5DRB1
H00418,Q9BW83,A8MTZ0,Q9BXC9,Q9H0F7,Q86SQ7,Q96LB3,Q96NL8,O95876,O15078,Q05BJ6,Q8TAM2,A0A0C4DGX9,Q86U25,Q3SYG4,A0A090N8P4,Q9NXB0,Q6ZW61,Q13049,A0A024R843,Q8TAM1,Q9NQ48,Q8NFJ9,Q9NPJ1,B7Z3W9,Q8IWZ6,Q96RK4,A0A0S2Z3A9,Q8N3I7,A0A0S2Z626
H00454,Q5T1V6,O75665,E9KL37,Q6NUS6
H00442,P48436
H00443,P11362
H00433,Q99593
H00619,Q15813,Q96PZ2,A0A024R4Z3
H00641,Q9H3D4,A0A0S2Z4N5
H00847,O00755
H00611,O14896,G0Z349
H00449,P17302
H00453,Q99502,A0A024R813,B3KXR1,Q15475,Q8N196
H00461,O75369
H00464,P57082,O60663,Q6ISE0,Q9H211
H00484,Q13253,P43026,F1T0J1,P31371
H00485,Q01974,O14640,P41221,B3KQX9,Q92997
H00492,O15266,A0A024R385
H00493,P51654,Q53H15,I6QTG3,P98160,Q93063,Q9Y625
H00493,P51654,Q53H15,I6QTG3,P98160,Q93063,Q9Y625
H00496,Q15738
H00504,Q09472,Q7Z6C1,Q92793
H00205,P56589,O60683,A0A024R068,O00623,Q9Y5Y5,Q13608,A0A024RD09,O75381,P40855,A0A0S2Z497,Q7Z412,A0A024R100,Q92968,P50542,A0A0S2Z4H1,B4DR50,P28328,O00628,Q6FGN1,O43933
H01342,O43933,P56589,P28328,P50542,A0A0S2Z4H1,B4DR50,Q7Z412,A0A024R100,Q13608,A0A024RD09,P40855,A0A0S2Z497,O60683,A0A024R068,Q92968,O00623,O75381,Q9Y5Y5
H00177,O43933,O60683,A0A024R068,Q92968,P50542,A0A0S2Z4H1,B4DR50,Q7Z412,A0A024R100
H00204,O43933,P28328,Q7Z412,A0A024R100
H00509,Q9H0W5,G8IFA7,Q14999,O75147
H00510,P04198
H00161,Q9UBM7,A0A024R5F7
H00516,P01135,Q9H3D4,A0A0S2Z4N5,P10600,A5YM40,O14896,G0Z349,P30711,P07099,R4SBI6,P42898,Q8IU67,Q59GJ6,Q9Y458,B3KUL8,Q15223,P63165,A0A024R3Z2,P12644,Q53XC5,P10276,Q6I9R7,Q92988,P28360,P11362
H00519,P13942,A0A0C4DFS1
H00520,P02458
H00522,Q9HBA0
H00523,P01112,X5D945,P36507,Q7Z699,P22681,P21359,Q9UQ13,P15056,Q92963
H01738,Q07890,Q07889,P10398,A0A024R178,Q06124,P01111,Q5U091,Q92963,Q9UQ13,P22681,P01116,L7RSL8,I1SRC5,Q8N653,P15056
H01747,P01112,X5D945
H00529,Q9P2L0,Q96FT9,Q9HBG6,Q8NEZ3
H00530,O75665,E9KL37,Q7Z4L5,A8KA77,Q3SXY8,Q9P2K1,Q2M1P5,Q2MV58,B4DIB9,Q5HYA8,Q68CZ1,Q96Q45,Q9BYV8,Q9NPI0,Q9H799,Q1MSJ5,Q6NUS6,Q9H6L2,Q2M1K9,B3KNG7,Q9BVV6,O43924,Q6IB24,O60308,Q96GX1,O60303,O15259,O15078,Q05BJ6,Q9P0N5,Q8N157,Q9NRR6
H00539,P60484,F6KD01
H00569,P98174,A0A024R9Y5
H00556,O15041,Q9P2D1,Q6ZWF9
H00561,P56524
H00571,Q8IWV7
H00573,Q9NSC2
H00581,P29400,A7MBN3,Q49AM6,P53420
H00607,P19544,A0A1W2PQQ0,Q6PI38,Q05066,A7WPU8,Q01534,O43323,Q8WW38,Q9NPQ0,Q13233,Q13285,F1D8R8,P51843,F1D8P4,P48436,P52895,P17516,P46100,B4DLW1,A4LAA3,P56705,Q14781,Q9Y5R6
H00608,P05093,Q1HB44,P05108,A0A0S2Z3R3,P49675,Q6IBK0,P16435,P22888,P10275,Q9NUA2,P26439,A0A024R0F9,P31213,Q9UBM7,A0A024R5F7,P37058,Q6FH62
H00617,Q15392
H00622,Q15813
H00631,Q14683,Q68EN4,Q9BY41,Q6KC79,Q9UQE7,O60216,A0A024R9J0
H00639,P22223
H00640,Q9H3D4,A0A0S2Z4N5
H00643,P28360
H00673,Q9H324,A0A0A0MQW6,Q59FE5,Q6ZN14,Q8TE56
H00665,O75844
H00669,P14923,A0A0S2Z487,P15924,B4DKX6
H00711,P01344,
H00713,P49918,,,P01344,Q96L73
H00718,Q96L73
H01751,Q15910
H00653,P35555
H00660,P35556
H00687,Q9Y3R0,Q5SZK8,Q86XX4
H00752,Q9H3D4,A0A0S2Z4N5
H00811,P45378,O95672,P07951,Q9H5I5,P13535,Q00872,A8KAB1,Q86TA8,P11055,Q5GJ67,P35556
H00757,Q7RTS9
H00797,Q9H2M9
H00785,P22223
H00889,Q93074
H00894,Q93074,P21333,Q60FE5,Q6NXF2,O14936
H00868,Q13253
H00886,P98164,Q7Z5C1,Q7Z5C0
H00922,Q9Y6X0
H00935,O75462,Q9UBD9
H00940,Q7Z7G8
H00943,P98175,A0A0S2Z4W4
H00946,P60891
H00965,O94761
H00997,P22607,Q0IJ44
H00986,Q07001,P07510
H00987,Q18PE1,Q13702,A0A0S2Z4F8
H00993,
H00991,O95613
H00992,O94986,Q3B7A2,P51530,Q8N4C6,Q9HC77,A8K8P1,Q96MT8,Q9BWF2,Q99708,A0A024RC34,Q13535,O95613
H01008,P40200,Q8IXJ9
H01195,P60484,F6KD01,P35453,O60481
H01265,Q2M1P5,Q96M11,A0A024R3K0
H01271,P23771
H01281,O75845,A0A024R3G4
H01370,P27986
H00727,P49639
H00934,O15169,A0A0S2Z4R0
H00972,Q9UPZ9,A0A024RD59
H01035,P78318
H01289,O94972
H01403,Q12824,Q969G3,A0A024R1S7,Q8NFD5,O14497,P51532,A7E2E1,P51531,B4DSC8,Q8N9Q1
H01428,P28715,Q92889,A0A1W1GSK9,P18074,Q16531,Q01831,X5DRB1,P19447,Q9Y253,A0A024RD62,P23025
H01412,Q8IYB7
H01413,Q96HP0,B7Z9U8,Q5NDL2,Q06330,P46531,Q2M1Z3,Q9NR61
H01486,Q969N2
H01487,Q9Y2B2
H01496,Q9H1B5,B4DT06
H01497,Q86X52
H01568,O60826,A0A024QZ03,Q12768
H01569,Q9UHB7
H01571,Q9BYX4,O95786
H01572,O94855,A8K6V0,P07237,A0A024R8S5
H01573,O95259,P21281,A0A140VK65
H01752,P46100,B4DLW1,A4LAA3
H01793,Q8WYB5,B2RWN8
H01794,Q8WYB5,B2RWN8
H01795,Q93074,Q8WYB5,B2RWN8
H01796,Q08188,Q9ULW8,Q07283
H01797,Q9HBZ2,Q86TN1,Q7Z3A3,X5DQN9
H01800,Q9UHX1
H01814,P49454
H01816,A1X283
H01824,P36776
H01832,P48651
H01834,Q14938
H00908,O60315
H01838,Q15029
H01839,P83876
H01843,P14678
H01845,O95455
H01847,Q9Y5S9,A0A023T787
H01850,P11362
H01857,Q8IYA6
H01872,O95630,A0A140VK54
H01876,P52732
H01878,Q96C86
H01879,P49848,Q03164
H01880,Q96RT7,Q9UGJ1,O00444
H01885,O00459,Q9Y243,P30279,P42336,Q4LE51
H01886,Q96GP6,A0A096LNX8
H01887,Q9BWP8,P48740,Q9Y6Z7,A0A024R9J3
H01888,Q7Z7M0,Q9ULC3,A0A024RD41
H01889,O43929,Q9Y5N6,A0A024R6R3,Q9H211,Q99741,A0A024R1S2,Q13415,Q96F82,O75496,A0A024QZY7,O75419
H01893,Q9UM47
H01908,A6NI61
H01913,O60828,A0A0S2Z4V5
H01914,Q92581
H01915,Q8IWS0
H01916,Q9ULL8
H01917,Q15738
H01919,Q96QS3
H01923,,Q8TBZ6,V9HVY8
H01930,P61978
H01932,Q8WVJ9,A0A024R4D4
H01934,Q8WVJ9,A0A024R4D4
H01984,P15056,P04049,L7RRS6,Q06124
H00570,O14686,Q6PIA1,Q59FG6,O15550,Q59HG3
H00950,Q9H267,A0A0S2Z577,Q9H9C1,Q6IA61
H01435,P27539,A0A024R7N8,P08865,A0A024R2P0
H00632,O60481,Q13705,Q8TDX9,Q96S42,P27539,A0A024R7N8,Q96M91,Q8N119,P0CG37
H01820,P10644,B2R5T5
H01904,P53701,A0A024RBY9,P24311,Q9NX14
H01552,P53805,Q13627,P42898,Q8IU67,Q59GJ6,Q9UBK8
H01732,O76039,P51608,D3YJ43,Q59FJ6,Q05086,Q9BUI6
H00764,O14746,Q9UQB3,Q13591,X5DR95
H01223,Q06413,A0A024RAL7
H01238,Q9BYB0
H01439,Q16623,Q75ME0,Q8N6F8,P15502,O43709,Q9GZY6,Q9NP71,Q6UE05,Q9UHL9,P53667,Q8NFV5,P35250,O75344,Q9UIG0,Q9Y4P3,Q15056,Q86XT4,Q2M204,Q6IS24,Q2L4S5,P78347,X5DR09,Q499G6,A8K9W7,Q96LL9,B3KSU4,Q96I51,O00144,Q86XT2,Q96P11,Q8NFV4,Q9UDT6,A0A140VJG6,O15551,Q75L79,O14493,Q75L80,Q9BQE9
H01525,O43435
H01773,Q13363,X5D8Y5,Q8N441,A0PJ49,O14810,O95202,O96028
H01791,Q7Z5J4
H01861,Q96ST3
H01877,Q9Y2Y9,X5DNR2,Q9Y2M0,P36544,Q7Z4N2
H00607,P19544,A0A1W2PQQ0,Q6PI38,Q05066,A7WPU8,Q01534,O43323,Q8WW38,Q9NPQ0,Q13233,Q13285,F1D8R8,P51843,F1D8P4,P48436,P52895,P17516,P46100,B4DLW1,A4LAA3,P56705,Q14781,Q9Y5R6
H00465,Q06787
H01731,Q06787
H00598,Q2MKA7,Q05066,A7WPU8,Q9NXL9
H01288,Q86XR8,O60566
H00579,P02462
H01899,Q8WXU2,Q5VV43
H00912,P19438
H00783,Q07699,Q8WXG9,P18507,P61266,Q15858,P35498,O14764,A8K496
H01290,Q14693
H00083,P16410,P12821,B4DKH4,P22301,Q6FGW4,P05106,P01579,P01137,P05362,P01375,Q5STB3,Q31604,Q6ICR9
H00084,P20333,P18510,P05231,Q75MH2,B4DVM1,P35225,P22301,Q6FGW4,P01579,P60568,Q0GK43,P01137,P01583,P01375,Q5STB3
H00539,P60484,F6KD01
H00881,P04637,K7PPA8,Q53GA5,O96017
